"wl","black_carapace","blue_carapace","mudflat","orange_manus","pink_dactylus"
300,22.1325541040476,17.7220043963333,3.60043091785714,14.9281417953809,39.8973898580476
301,20.6328010996667,16.702865186,3.5565135,14.4195334903333,35.6340798853333
302,19.386916572,16.6489623806667,3.542761696,14.0634752273333,32.766080808
303,18.02031353,16.411099225,3.568824075,13.667832595,30.46635444
304,16.8183598557417,16.1766748947368,3.53603030985646,13.4119522816268,28.5895871000957
305,15.710131924381,15.9545084512381,3.56248599628571,13.1768796328571,27.1986713093334
306,14.700666800957,15.664718071244,3.56303432602871,12.8518696205263,25.932609233445
307,13.8156397298095,15.4302752993333,3.613101912,12.6186658692381,25.1144456275238
308,13.045133820381,15.1033362288571,3.61247402571429,12.304100076381,24.4000835269524
309,12.4902098062201,15.0172644339234,3.63941630057416,12.1461200946411,23.8399883454545
310,11.86686787,14.912010076,3.649515086,11.900145382,23.256227359
311,11.3163141111429,14.8812987097143,3.66290944152381,11.7355801898095,22.8523872293333
312,10.8831141718182,14.8276647163636,3.68406355181818,11.6068188527273,22.5108090609091
313,10.449138947177,14.746190778756,3.71125146349282,11.4516701581818,22.240331237799
314,10.0961785683254,14.732723188134,3.73285539181818,11.3574253942584,22.1143701415311
315,9.84847414105263,14.6839172821053,3.75696993052632,11.2961725942105,21.9872031973684
316,9.51804728714285,14.67522278,3.77361173,11.1825706257143,21.8525607428571
317,9.21794587253588,14.6230290329187,3.7822461162201,11.0647481984211,21.7490394077512
318,8.98673743617225,14.5845000647847,3.79839124440191,10.9989340295694,21.6858117508134
319,8.82008347693781,14.5487384002871,3.8194316608134,10.9310186245933,21.6466265360287
320,8.5452927252153,14.5213555438277,3.82492973191388,10.8666750223445,21.5121843792344
321,8.21796387490385,14.5097198600481,3.83697108817308,10.8158060540865,21.3592751642308
322,7.95997471928229,14.5831440248325,3.85554578373206,10.78148904311,21.3098700425837
323,7.76948156186603,14.6212800736842,3.87347014866029,10.7657957468421,21.2440830827751
324,7.60042451301435,14.6790808361244,3.89405910277512,10.6935296917703,21.2297058192823
325,7.51308816692308,14.7528435526923,3.91253148653846,10.6837707973077,21.2960717284615
326,7.47602897813397,14.7969652104306,3.92641245100479,10.630582216555,21.349204749378
327,7.41359762626794,14.8457801003349,3.93755053550239,10.5890969564115,21.4236698888995
328,7.36461555754808,14.9138550535096,3.94861268221154,10.5744133696154,21.5032941438462
329,7.30906615086539,14.9827172841346,3.97247741038462,10.5665857355288,21.5867480229327
330,7.30990178057416,15.0209758015789,4.00390624669856,10.5502074617225,21.6934786011962
331,7.26667792186603,15.1078818732536,4.03029157947368,10.5646568419617,21.7781974988038
332,7.22812666100478,15.1726252253589,4.05627509822967,10.5740382419617,21.8744270644019
333,7.23126379225962,15.2711633971635,4.09429155716346,10.5905451101442,21.9879096622596
334,7.1516778775,15.3395108967308,4.10813918961539,10.5777765492308,22.0743269051923
335,7.14122501019231,15.4397137603846,4.12454635081731,10.6136971907212,22.2321444750962
336,7.12685953548077,15.5262218945192,4.15056881875,10.599681895,22.3532355720192
337,7.09299948634616,15.5933571800962,4.16935939586538,10.5920687623558,22.4765423409615
338,7.06039848254808,15.6494646265385,4.18950389697115,10.5790167347115,22.5810607101923
339,7.03494999879808,15.7280698203365,4.21184055326923,10.5684890525,22.7136154049038
340,7.03139787629808,15.8134936874038,4.23591711653846,10.5764959194712,22.8238949275481
341,7.00815350028985,15.8868602497585,4.2543936852657,10.5837103766184,22.9341794939613
342,7.00289472009615,15.9646137377885,4.27287460307692,10.5822576582692,23.0304095642308
343,6.98751091341346,16.0571083889423,4.29799829408654,10.6001814079327,23.1128227002404
344,6.94630112153846,16.1565187740385,4.32713480096154,10.6335864992308,23.2293123259615
345,6.92268848676329,16.2037947328986,4.34876954971014,10.6198938875362,23.3260675655072
346,6.90961768336538,16.2835258585577,4.37882596879808,10.6329416249519,23.4067773017788
347,6.87637290447115,16.35262050625,4.39870031509615,10.6246524504327,23.5022847154808
348,6.86571246908654,16.4081230854808,4.41850101639423,10.5963889821635,23.6251995727404
349,6.86276005793269,16.4863435371635,4.45055127860577,10.6276306795673,23.7342588057212
350,6.88258680454106,16.5572966939614,4.46328863980676,10.6291276803382,23.8855196668599
351,6.8982244705314,16.6198925506763,4.49778825565217,10.6707017930435,24.0418948366184
352,6.89130421019231,16.6787352373077,4.52558295269231,10.6517064251923,24.1807077667308
353,6.87681522898551,16.7415244350725,4.54215020927536,10.6007493731884,24.3516649928986
354,6.87468744192308,16.8108285603365,4.57267113870192,10.6128768911058,24.4527699952885
355,6.84656635637681,16.8549031162319,4.59374618608696,10.6008679908696,24.5963416324638
356,6.82523062898551,16.917781796087,4.61626968637681,10.6050835753623,24.7040300491304
357,6.79129011376812,16.9456990553623,4.65504168086957,10.6539889181159,24.7605588686957
358,6.76101419357488,17.0124106093237,4.68446491801932,10.6782004480193,24.8575229586473
359,6.71897316304348,17.060572011401,4.70759490280193,10.6678320221739,24.9259292401449
360,6.69351169695652,17.1482018430435,4.73153438710145,10.6903186604348,24.9802084175362
361,6.69222405792271,17.1807765477778,4.75750669942029,10.6692430091787,25.0743427005797
362,6.66028448043478,17.2218142491304,4.77643294913043,10.6697802008696,25.1466715095652
363,6.64383593289855,17.2881363360386,4.79508660956522,10.6661674480193,25.2093193342029
364,6.61576696883495,17.3170693047087,4.82015808325243,10.6391194214078,25.2753701540291
365,6.62077642714976,17.3694342431401,4.83735757135266,10.6222424238647,25.3436362682609
366,6.62348496285024,17.4228490172464,4.86657260869565,10.6172415427053,25.4482553257488
367,6.64327754980583,17.4884459434951,4.89455261679612,10.6072439449515,25.5613761584466
368,6.64236142888889,17.5338859308213,4.93246859545894,10.6234441728502,25.6857031002415
369,6.64121792995146,17.5622540312621,4.97189288592233,10.6517135425243,25.7819871515534
370,6.63329649859903,17.6438509465701,5.01211547164251,10.6607894049275,25.88447791
371,6.64734392304348,17.6889275630435,5.05850198826087,10.6852011873913,25.9790802608696
372,6.63670967718447,17.741556486068,5.10496217572816,10.6904209657282,26.1076520084951
373,6.63968125,17.78692187,5.14131927,10.68237404,26.21583163
374,6.63723532985437,17.8521323896602,5.17461881728155,10.6795321523301,26.3177156233495
375,6.64838969504854,17.8902751193204,5.20908098213592,10.6784352935922,26.4040659432039
376,6.67732029771845,17.962367978932,5.2435206242233,10.6786053381553,26.471513389466
377,6.68914596174757,18.0435018988835,5.28694192262136,10.6979812769903,26.5452304086893
378,6.72640888849515,18.0975984900971,5.33853099936893,10.7385495942233,26.5957884402427
379,6.72938970456311,18.1641544762621,5.39501187980583,10.7613779409223,26.7069872965534
380,6.72915706213592,18.213368213301,5.44470763669903,10.7633205209709,26.8244254325728
381,6.72859801262136,18.2538642660194,5.49955402990291,10.7716192575728,26.9530638200971
382,6.71372630305825,18.2973132696602,5.53986114699029,10.7333473713592,27.1045586020388
383,6.71131335466019,18.3389954895146,5.5899791115534,10.7406650490291,27.2020198435922
384,6.68660177378641,18.3563808227184,5.63496736320388,10.7389475492233,27.2977541438835
385,6.69413726560976,18.3814979629268,5.67604832634146,10.7585263643902,27.368853272439
386,6.73294416595122,18.4232734800976,5.72396830034146,10.800048439122,27.5031710308293
387,6.72815905,18.45644807,5.76391924,10.80894774,27.61316979
388,6.73485055699029,18.512236752233,5.80782670650485,10.8269711992233,27.6835319806796
389,6.74123853073171,18.528067512439,5.85873880243902,10.833422754878,27.8351449831707
390,6.713273526,18.547449134,5.916605194,10.813984516,27.926930232
391,6.6843732015534,18.5880385763592,5.97832034228155,10.8118047220388,28.048927113835
392,6.65240855780488,18.6326481034146,6.03125779804878,10.788665104878,28.2018036514634
393,6.59634771004878,18.667568730878,6.08689352131707,10.7651743217561,28.2878309060488
394,6.56435191819512,18.7196229046829,6.13038652341463,10.7904713865366,28.3847187030244
395,6.53771685760976,18.7202100569756,6.17380072853659,10.7889498007805,28.4776796284878
396,6.52272404560976,18.7518284497561,6.22013859170732,10.7834717122439,28.5329312557073
397,6.4808284275122,18.760596989561,6.26604278321951,10.762937897122,28.6226297454146
398,6.453880428,18.811393852,6.308585166,10.75228787,28.705445918
399,6.43119257585366,18.8557274354634,6.34487604414634,10.7492688732195,28.7700012210244
400,6.40662510560976,18.8836457616098,6.3825020644878,10.7599428535122,28.8585244355122
401,6.42681274463415,18.940398894878,6.41799431170732,10.7709197902439,28.9463714209756
402,6.43396262588235,18.9715058461765,6.45930714843137,10.7859660547059,29.0243722253922
403,6.45127939795122,18.9838546254634,6.50929525473171,10.8270967623415,29.1191995113658
404,6.42467033121951,19.0116825117073,6.55832453804878,10.8342658921951,29.2129900353659
405,6.42297010180488,19.0458056718537,6.60462591580488,10.8352260933659,29.3053334089268
406,6.42933273210784,19.0673523198039,6.65382094946078,10.8546537519608,29.4217645631373
407,6.42065615980488,19.1039163643415,6.70108446014634,10.8388371906829,29.5202364912683
408,6.43795181878049,19.1422956965854,6.7429560897561,10.8290840497561,29.6126470917073
409,6.4214900277451,19.1455808620588,6.79293115259804,10.8174591477941,29.7062826655882
410,6.4111703375,19.1794386725,6.8353214225,10.8116055825,29.804567905
411,6.41393835235294,19.1922556444118,6.88031203794118,10.7994765164706,29.8773281188235
412,6.41502319382353,19.2208209125,6.93881122352941,10.8017735069118,29.9706131469118
413,6.43536231735294,19.2694396404902,6.98571964568627,10.8078294809804,30.0621382136274
414,6.46669665,19.3015998843137,7.03701896078431,10.8104855698039,30.1426190254902
415,6.48147489215686,19.3397755398039,7.09009563862745,10.8256473639216,30.2308871496078
416,6.48445637117647,19.3695613511765,7.14366900294118,10.8364227794118,30.3215275911765
417,6.50064340367647,19.3877111780392,7.19341314495098,10.8434892831863,30.3868907638235
418,6.50562108990196,19.4106497623529,7.25366519382353,10.8618582709804,30.4642150014706
419,6.53002068014706,19.4278342373529,7.31276972852941,10.8732532198529,30.5458177982353
420,6.53569335313726,19.4528471531373,7.37560131431372,10.8654091566667,30.6300957654902
421,6.54199867502463,19.4411455054187,7.43960351852217,10.8910366384236,30.7404175080788
422,6.54346264901478,19.4617800404926,7.50547164655172,10.8810888802463,30.8232721468473
423,6.58166603009852,19.4978719573399,7.56258885034483,10.8928280842857,30.9516848782759
424,6.60682136881773,19.5583776941379,7.62760705591133,10.9428380564532,31.0574215487192
425,6.61610157009852,19.6314059105911,7.68939826418719,10.9493575054187,31.1520839082266
426,6.6147782544335,19.6766931617734,7.75305340359606,10.9588187857143,31.2567908884236
427,6.61613234270936,19.7227790222167,7.82976689246305,10.9674757658128,31.3507155152709
428,6.59557401882353,19.7201549441176,7.90427654941176,10.9457260470588,31.4272000476471
429,6.57895347176471,19.7319224962745,7.97067540647059,10.9423523711765,31.5426940898039
430,6.5919174172549,19.7486106692157,8.04528881764706,10.9789855084314,31.635682195098
431,6.57788410916256,19.7836084007882,8.11755880891626,10.9841810928079,31.7639267115764
432,6.55006248399015,19.8174565652709,8.19269116285714,10.9869188551724,31.882600487931
433,6.54991488068965,19.8596904110345,8.26587310896551,11.0040988224138,31.9950358424138
434,6.54460247064039,19.8913324571429,8.34363618837438,11.00446006,32.0963306624138
435,6.5444381439604,19.9174753954455,8.41563864792079,11.0007866750495,32.2195849223762
436,6.54917522231527,19.9367980026601,8.4821101664532,11.0170186130542,32.3113058809852
437,6.56038904990148,19.9474465687685,8.5493679646798,11.024443297931,32.4264997413793
438,6.57243790831683,19.9717987470792,8.61618234816832,11.0358691719802,32.5121537566832
439,6.57122259433498,19.9867520574384,8.68086994241379,11.0363604333005,32.6035432015271
440,6.57472259965517,20.0304226075862,8.74508525551724,11.03739471,32.6993138886207
441,6.57595422267327,20.0550694024752,8.80533494534654,11.0383679310891,32.7873810838614
442,6.57540155280788,20.1033787093103,8.87447229054187,11.0478601155665,32.8787807368473
443,6.59776751364532,20.1569248147291,8.93578502285714,11.0673795097537,32.9650332400985
444,6.59403720862069,20.1763995086207,8.99541417896552,11.0702819003448,33.0267506613793
445,6.62460892762376,20.1937921827723,9.05757880633663,11.0894193030693,33.114239569703
446,6.63886714182266,20.2001374265517,9.12024245256158,11.1075277696552,33.1934098996059
447,6.62712429241379,20.1829379363054,9.18606581566503,11.0887039902956,33.2452954423645
448,6.63149454064356,20.1861141297525,9.24905123445544,11.114257334505,33.3111604186634
449,6.63073379584158,20.2036092585149,9.30712302346534,11.1231824170297,33.3786265342574
450,6.62224380425743,20.2163976711881,9.3578229680198,11.1265770483168,33.4233367527723
451,6.61279113890547,20.2257109024378,9.41164016950249,11.1461102169652,33.4713623420398
452,6.62769223074257,20.2563865375248,9.46617669519802,11.1616558185149,33.5154730627228
453,6.61894420554455,20.2692915136634,9.51880666732673,11.1436200683168,33.583310329901
454,6.60240807199005,20.2456380393035,9.57305796885572,11.1456159318408,33.6468355916418
455,6.60145433475248,20.2521330194059,9.62161746693069,11.1521309326733,33.6931891620792
456,6.5931236721393,20.25318624,9.66780010771144,11.1565661772637,33.7103716793532
457,6.59004072371287,20.2563058427723,9.71669443727723,11.1872096200495,33.7396969844554
458,6.60185410666667,20.2885485701493,9.76700723577114,11.1942943041791,33.7622482277114
459,6.62869948940594,20.2984832418812,9.80806322792079,11.2151606470297,33.8061779157426
460,6.63416666731343,20.2981689748756,9.85711285641791,11.2212199169154,33.8923648412438
461,6.63308017328358,20.3068177185075,9.90004008402985,11.2119020146269,33.9474234949254
462,6.64903667298507,20.3035431680597,9.93938645716418,11.2227167467164,34.0161418056716
463,6.64416498656716,20.3045344257711,9.98522036940299,11.2267689787065,34.0771561179602
464,6.64369052472637,20.3033816102488,10.0267164871642,11.2316307720896,34.0953694928856
465,6.65612984935644,20.2985119305941,10.0643032904455,11.2440392257921,34.1302071291089
466,6.64620916656716,20.2883341058209,10.1116737804478,11.2533983167164,34.1674471923881
467,6.65475417756219,20.2866086262687,10.156924371592,11.2477383516915,34.2206457445771
468,6.65292927920398,20.2913825761692,10.2078553358209,11.2519744493532,34.2563980256219
469,6.64682398149254,20.3108260442289,10.2562941693035,11.2690723416915,34.2863355618905
470,6.64874940323383,20.3264993264179,10.3059531167164,11.2720260946269,34.3053946139801
471,6.647423324,20.3272291624,10.3580098216,11.2997304488,34.3184318672
472,6.63826201179104,20.3552043115423,10.4030037508458,11.3067613498507,34.3709772457214
473,6.6456453609,20.3644306988,10.45551584975,11.32130314695,34.4165635263
474,6.6549974161,20.3706730733,10.5050014725,11.346640291,34.4908541328
475,6.65898198875,20.39244446625,10.5597131775,11.36556525,34.55488538375
476,6.6678993761,20.38331489045,10.6146851785,11.40173764275,34.58183553085
477,6.67630300800995,20.4013507511443,10.6683440382587,11.448521819403,34.6554901314925
478,6.6775661848,20.3887982112,10.7209320992,11.47053427405,34.69022267195
479,6.6783301665,20.37672803395,10.77245172675,11.50777995555,34.7356179375
480,6.6922102115,20.3866803436,10.8277231956,11.5310893028,34.7708735491
481,6.682653279,20.37295783925,10.89078387275,11.545656178,34.815644119
482,6.68450183358209,20.3924847871642,10.9558825281095,11.5701797281592,34.8414322963682
483,6.703570018,20.3972444912,11.023384378,11.5964176144,34.8645093336
484,6.7033911848,20.3834362152,11.0943968784,11.6139911436,34.9016947408
485,6.71035648045226,20.3850975588442,11.1628782825628,11.6390517464824,34.9207037453266
486,6.716867944,20.38271264625,11.23192241875,11.6599657855,34.97364658825
487,6.7179688855,20.3886392588,11.2992709147,11.6834053809,35.0218418844
488,6.72491227815,20.4104053132,11.37306342775,11.70376807705,35.0839557938
489,6.74169322465,20.42305759535,11.4410562608,11.7255164144,35.12956082595
490,6.75894455035176,20.433328271809,11.5139001804523,11.7486073376884,35.191893389397
491,6.77345075135678,20.4317025946231,11.5836330489447,11.7820749374372,35.2384442150754
492,6.78738876375,20.4061286625,11.65064703875,11.79688652125,35.2736194725
493,6.7965915975,20.3932112168,11.7212035812,11.8211425375,35.2956827702
494,6.8069698554,20.3786537769,11.792941861,11.8359148698,35.3335919074
495,6.81756815522613,20.349650531608,11.8719851610553,11.8442950348241,35.3483189764322
496,6.821866814,20.3231071404,11.9539442496,11.853204524,35.3675415692
497,6.8363781912,20.2987548974,12.0318912882,11.864844802,35.4222668346
498,6.84490821236181,20.2672237441206,12.115251451809,11.8912567863317,35.4552172885427
499,6.85639330035176,20.2477820134673,12.1907709518593,11.9092650682412,35.4966895667839
500,6.86119349261307,20.2495178561809,12.2707714305025,11.9205846056281,35.548663608593
501,6.87340862555556,20.2357896977778,12.3516917711111,11.9460789866667,35.5863207055556
502,6.89156881090452,20.2319582155276,12.4397751937186,11.9716904492965,35.6381584069347
503,6.90677358271357,20.2196212168844,12.5267912953266,11.9976719965327,35.6757707308543
504,6.91866764075377,20.2111153545729,12.6091721476884,12.0337663940704,35.7369082461307
505,6.93195690212121,20.1850267953535,12.6971013948485,12.0735555949495,35.796268760202
506,6.94293080557789,20.1618623676884,12.779948499598,12.1224520542211,35.8458131057286
507,6.95340325191919,20.1308324706061,12.8620548465657,12.1752419519192,35.8957287017172
508,6.96431440813131,20.0832035608586,12.9502213643939,12.2259935449495,35.9181646863636
509,6.97462871343434,20.0356363324747,13.0288197031313,12.2721689627778,35.9499780375758
510,6.97848003636364,20.0021939963636,13.1089661868182,12.3147051004545,35.9874638527273
511,6.98318269025252,19.9616631139394,13.1936765274747,12.3656603472222,36.0275342507071
512,6.99824083424242,19.9370539052525,13.2782624411111,12.430843880404,36.0857420322222
513,7.00151165934343,19.9233700014141,13.3712061473737,12.5082465713636,36.1538809218182
514,7.0250281330303,19.8894733351515,13.4643946125253,12.586512300303,36.209095879495
515,7.03015959,19.8691621,13.5629346736364,12.6687658045455,36.2617089118182
516,7.05568555868687,19.8700747521212,13.6631525966667,12.755920650303,36.3165171645455
517,7.07237514949495,19.8546736494949,13.7613928291919,12.8386511224242,36.3991666715152
518,7.09185975553299,19.86007928,13.8611106932487,12.9379123514213,36.4774314788832
519,7.11711713253807,19.84619147,13.95630393,13.047235140203,36.5464110471574
520,7.13605139257576,19.817890865101,14.06114057,13.1563707293939,36.6261827874747
521,7.14254076979798,19.7938186635354,14.1630799112121,13.2677238176768,36.6697742221212
522,7.16224627090909,19.7668742769697,14.2666481286869,13.3902945684848,36.7321231909091
523,7.17936531808081,19.7487646191919,14.3688650312121,13.5264302178788,36.7908262858586
524,7.19183733162437,19.7291127011168,14.4605870206091,13.6778723605584,36.8428909720305
525,7.21286027857868,19.6983723704569,14.5583625922843,13.8337545483756,36.9373344942132
526,7.23604474309645,19.658148811066,14.6513185574619,13.9987188140102,36.9901698622335
527,7.25745375847716,19.6162004972081,14.7532601264467,14.1693926193909,37.0514392055838
528,7.27882648454545,19.5822253841414,14.8562965127273,14.3492121107071,37.1008371445455
529,7.28890609969697,19.5535147836364,14.9535761942424,14.5556586390909,37.1311939784849
530,7.29364596781726,19.5137993527919,15.0569918492386,14.7584339372589,37.1672444032995
531,7.30321020725888,19.4988302129949,15.1552122844162,14.969559977665,37.2324306097969
532,7.32930511441624,19.4637748675635,15.2513111037563,15.1974648967005,37.293854578731
533,7.34798483467005,19.4288346627411,15.3485666749746,15.4424540007107,37.3460428777665
534,7.38292754558375,19.4038578664975,15.4419001108629,15.6865166974112,37.391076852335
535,7.4015490106599,19.3621183053299,15.5354524532487,15.93153149533,37.4397147341117
536,7.41415022632653,19.3019055206122,15.6364151346939,16.1771577957143,37.4686438385714
537,7.43354716380711,19.2592264935533,15.7393448510152,16.4347800486295,37.5176456380203
538,7.43196796025381,19.1941050592893,15.8450445771574,16.7087404044162,37.5607418879188
539,7.44192713,19.141789695,15.947993185,16.99474138,37.59212516
540,7.44888582522843,19.1195470290863,16.0500643416244,17.2873372612183,37.6330205283249
541,7.46135808538071,19.081145321066,16.147690397868,17.5675276208122,37.6792920447208
542,7.49363966704082,19.0733769523469,16.248302172551,17.8691472432653,37.7407034138265
543,7.51963457913706,19.0381268570051,16.3531807514721,18.1898010003553,37.8015201677665
544,7.53885694807107,18.9939490903046,16.4536640730457,18.5050530256853,37.8376313320305
545,7.55400899877551,18.9583480736735,16.556768482449,18.8328634334694,37.8865691807143
546,7.55433973872449,18.9180896898469,16.6581235759694,19.1417881011735,37.9178576375
547,7.55409751821429,18.8741272081633,16.7562346076531,19.4483687635714,37.9193536487755
548,7.55664282581633,18.8452392980612,16.8608344818367,19.7578552361225,37.961359225
549,7.56810214174359,18.8046785397949,16.9582472598974,20.087016164718,37.9994828241538
550,7.58571614082051,18.7520218038462,17.0562209497949,20.4220033011795,38.0141614010256
551,7.60508120831633,18.7082460065306,17.1590778539286,20.7490379010204,38.0760083489286
552,7.61878213918367,18.6573430772959,17.250415315,21.0921625521428,38.1155488938265
553,7.63019584239796,18.6009906046429,17.3476707132653,21.4191587373469,38.1223077095408
554,7.63555713045918,18.5734338258673,17.4417335801531,21.7558862594388,38.1832935229082
555,7.64634081744898,18.5313168928571,17.5350345584694,22.0757479094898,38.1966499556122
556,7.64866320612245,18.4782591635714,17.6323888208163,22.4191182766326,38.2240535328061
557,7.65620445364103,18.4450861954359,17.7288436227692,22.7510977281026,38.2784909142564
558,7.65895122523077,18.3897592115385,17.8135455718462,23.0757775736923,38.2932633667692
559,7.662075718,18.3579934426154,17.9063758624615,23.41375645,38.3434538664615
560,7.67845172882051,18.3289840779487,17.9946321707179,23.7274630859487,38.4038921019487
561,7.6987290674359,18.2916804474359,18.0799802905128,24.0466406748718,38.4707277138462
562,7.73262143461538,18.2523944023077,18.1772506587179,24.3559571928205,38.566527775641
563,7.7456109448718,18.2182219677949,18.2630084178462,24.6683567286154,38.6353363555385
564,7.75034588515464,18.1807825563918,18.3497071548969,24.9715153713918,38.7155414615464
565,7.75967987417526,18.1410763945361,18.4442241651546,25.2614131743814,38.7771045748454
566,7.76646114794872,18.1086946758974,18.5270824314872,25.585812698,38.8427100689744
567,7.79170235237113,18.0657379918557,18.6208864423711,25.8921470495876,38.935859484433
568,7.81599886133333,18.0130801346667,18.707566276,26.21632632,38.9916700826667
569,7.8299013971134,17.9722313137113,18.7900277804124,26.5720889298969,39.0821985604124
570,7.83572832569231,17.9344112501538,18.880052628,26.8903998171795,39.1384758966667
571,7.83771730927835,17.8895975050515,18.9618314543299,27.2201728730928,39.1758147885567
572,7.8294614157732,17.8367573073196,19.0405581704124,27.5449581571134,39.2289592320619
573,7.83062765752577,17.8096012071134,19.120959026701,27.873291859433,39.2955998975773
574,7.82293571391753,17.749079817835,19.1948095304124,28.2037773349485,39.36374343
575,7.8208314472165,17.7097205345361,19.2738512347938,28.5639578380413,39.4423466989175
576,7.83591285237113,17.6967964207732,19.3536583882474,28.9392459052062,39.5364540995876
577,7.85268501221649,17.6429373457216,19.4281394886598,29.288773002732,39.6297483571649
578,7.87358776577319,17.619509697835,19.5028759862887,29.6706120758763,39.6978542059794
579,7.87879549097938,17.5767325972165,19.568648512268,30.0215936942268,39.8037564152577
580,7.87845929597938,17.5302349227835,19.6357030339175,30.3550390341237,39.8861258847423
581,7.90261735742268,17.4883427027835,19.7030997021649,30.705720518866,39.9388121598969
582,7.90873238487047,17.4532225889637,19.7636612111917,31.0179969104145,40.0001265140933
583,7.92271989092784,17.4279147525773,19.8294062315464,31.3075525048454,40.060488627732
584,7.94070301036269,17.405302114456,19.8897970282383,31.6362460189637,40.1265864739378
585,7.93526606751295,17.3805150343005,19.9448438536788,31.9773405823316,40.2171774573575
586,7.96697893253886,17.341559466114,20.005203403886,32.3379642353368,40.3231762151295
587,7.98479034118557,17.2919204374742,20.068936762732,32.7298098635051,40.401789406701
588,8.01514975350515,17.22188086,20.139375092732,33.1123618202062,40.5038327221649
589,8.03209426943005,17.1663065448187,20.2085599953368,33.4959946403627,40.5676712943523
590,8.03800519381443,17.1346850256701,20.277922702268,33.9123578896907,40.658870924433
591,8.04530295020833,17.0946779939583,20.3425297995833,34.3686793414583,40.7576712602083
592,8.03559989290155,17.0820051218135,20.3994601735751,34.8196449453886,40.8120647061658
593,8.03809087145078,17.0492296168912,20.4505688037824,35.2645702127979,40.9184590720207
594,8.03015295917098,16.9814448841969,20.5056108623316,35.7198899348705,40.9869498511399
595,8.02760041455959,16.9461852203109,20.5554227940933,36.1518140989119,41.056046736114
596,8.03361796067357,16.8839566311399,20.6099931315544,36.6035037139378,41.1726719259067
597,8.0203281688601,16.836290228342,20.6684422517617,37.0590811453886,41.2576549081347
598,8.00462658606218,16.7917859848187,20.7193790343523,37.4786718325389,41.3527918604663
599,8.01027948797928,16.7362743012435,20.7690822041451,37.9132444924871,41.4547896536269
600,8.0151826334375,16.7000093385417,20.8138155784375,38.2998186482292,41.5226102385417
601,8.029347401875,16.666950843125,20.86182881125,38.707230084375,41.59397568375
602,8.03900295421875,16.62878201875,20.9063668595313,39.0883057042188,41.6398454145313
603,8.0074871278125,16.5742623234375,20.9579815525,39.4732091846875,41.668764306875
604,8.00063360885417,16.5402612522917,21.0051919788542,39.8637341879167,41.7207096352083
605,7.9978105128125,16.48900913625,21.0526377021875,40.2353247994792,41.7610129817708
606,7.9941783475,16.450701485,21.0993355096875,40.5913979909375,41.8145770675
607,8.02164338078125,16.4308572703646,21.1494706591146,40.9284196448437,41.8979809832812
608,8.032953160625,16.38303884375,21.1966948270833,41.2310899708333,41.960500620625
609,8.04742026,16.3389829255208,21.239261950625,41.5346205322917,42.0498910886458
610,8.05748678979058,16.2985729989005,21.2809977601047,41.8861281477487,42.0962025319372
611,8.05944863774869,16.2463028708901,21.3154878491099,42.2021492970681,42.1656825124607
612,8.05383376858639,16.1974813898429,21.3618334588482,42.554476674712,42.2093468268063
613,8.04888801429319,16.1605253189005,21.4175771228272,42.8898833432461,42.2183578575393
614,8.06394180376963,16.1298215824607,21.4626551501571,43.1948618073822,42.2599302788482
615,8.08947242942408,16.0949232946597,21.5136357415183,43.5109978834555,42.3140407164398
616,8.10342127267016,16.0559353590052,21.5505430102618,43.7739866582199,42.3588316250785
617,8.11084688753927,16.0010248092147,21.5854725234555,44.0260177703141,42.4153711379581
618,8.12070374769634,15.958476546178,21.6298083660209,44.2620466895288,42.4673712589005
619,8.12775365026178,15.9233131782199,21.6651970741885,44.4978580459162,42.4725388305759
620,8.14843453879581,15.9053373941885,21.7042195498953,44.743394004555,42.5145070531414
621,8.19135745727749,15.8837854405236,21.751395602199,45.0052128777487,42.5248576713089
622,8.20614828596859,15.8395687762827,21.8016413922513,45.1862030113089,42.5156672113613
623,8.21191945335078,15.7871038968063,21.850308535445,45.3867312747644,42.529140457801
624,8.23673061052632,15.7391221305263,21.8981192194737,45.5852484426316,42.5758151094737
625,8.25011591231579,15.7048495212632,21.9442122274737,45.705567624579,42.6236100845263
626,8.27300668832461,15.6738324720419,21.9890136456544,45.9578164264398,42.7003886695288
627,8.299531226911,15.6361142055497,22.0288559925654,46.202151188377,42.7443983782199
628,8.299227068,15.6018295988421,22.079271477,46.4117730418947,42.7544030027368
629,8.305313276,15.560204618,22.113430335,46.647835201,42.782149326
630,8.311784216,15.5413771552632,22.1501512977895,46.8604699769474,42.8230962966316
631,8.31193213494737,15.5104890291579,22.1879178726316,47.0273287882105,42.8795570229474
632,8.31587569821053,15.4519611682105,22.2235802016842,47.262014544,42.9110818133684
633,8.32949874168421,15.4062998833684,22.2721637290526,47.4980097731579,42.9588421431579
634,8.3375513784127,15.3271529534921,22.323019464127,47.6972069796825,42.9532123925397
635,8.34976204587302,15.3013614393651,22.3685913666667,47.9099743265079,42.9997681653968
636,8.36851414257895,15.2810636323684,22.4130509023684,48.0949950548421,43.0243568129474
637,8.33928380621053,15.2483526561053,22.4531911736842,48.2447277491579,43.0205735138947
638,8.34578137,15.254503,22.480644205,48.439967335,43.08183283
639,8.36046584333333,15.2353961077778,22.5273950211111,48.54557204,43.0718023077778
640,8.36054499121693,15.1905683737566,22.5615894630159,48.6540637351852,43.1235815744444
641,8.40215783421053,15.185816846,22.5877650941053,48.7892099284211,43.1909038317895
642,8.41869733095238,15.1283746366667,22.6439516942857,48.8409157714286,43.2205206457143
643,8.43041155571428,15.0751644895238,22.6836371038095,48.9597361704762,43.2278226071429
644,8.47298826809524,15.0563874295238,22.7313028214286,49.0652455028571,43.2310874628571
645,8.49510227814815,15.0231396640741,22.7872976940741,49.1966099681482,43.2612918511111
646,8.52031358582011,15.0096741720635,22.8230258499471,49.3298868608466,43.2992450701587
647,8.52946193063493,14.9904924101587,22.8555538739683,49.4427265677778,43.3566334809524
648,8.51972877693122,14.9948146849735,22.9017684550794,49.5532418078307,43.4378183998942
649,8.51436186787234,14.9738463297872,22.9437079640426,49.6634303310638,43.4893716053191
650,8.48287767809524,14.9378982591534,22.9833111256614,49.7879676681481,43.5516257175132
651,8.51748271638298,14.9166336781915,23.0231373104787,50.0218091499468,43.6189500360106
652,8.54238573285714,14.8529143783598,23.0628827950794,50.2554468969841,43.6633745685185
653,8.58554306382979,14.8225078180851,23.1028155757447,50.4446771902128,43.7251830168085
654,8.59283960808511,14.813305322234,23.1479430037234,50.6116594597872,43.7891102392553
655,8.56477608914894,14.7728168061702,23.1986874102128,50.6997720776596,43.8920784570213
656,8.53156427920213,14.7347309605851,23.2364036258511,50.8141359622872,43.954668066383
657,8.49518321446809,14.7017462453191,23.2884465279787,51.0036025268085,44.025575368617
658,8.52758163489362,14.6524813339362,23.3290824775532,51.2015198780851,44.0626365551064
659,8.52737491882979,14.6089945560638,23.3792301180851,51.4033882146809,44.0485309669149
660,8.54384302090909,14.5931855092513,23.4139353121925,51.6009883996257,44.0451364069519
661,8.54529821388298,14.5480970264362,23.44700728,51.7784974709043,44.0493679318085
662,8.54472950727273,14.5141770527273,23.4795393745455,51.9019182745454,44.1386757136364
663,8.54114221165776,14.502475544385,23.5138512410695,52.0389681671123,44.2228662559893
664,8.54993353417112,14.482824274385,23.5765773534225,52.118879341123,44.3116770194652
665,8.56641971759358,14.4667669323529,23.6090150248663,52.1914180217647,44.4288008793048
666,8.56536012861702,14.4443131825532,23.6545794090426,52.3081721861702,44.4449507479787
667,8.59714082609625,14.4106030120321,23.6941094997326,52.3920044027273,44.5266190537968
668,8.60855986272727,14.3848539663636,23.7225339327273,52.4926442309091,44.5958311709091
669,8.62183365213904,14.3480711787166,23.7690754152406,52.6072605910695,44.6568128100535
670,8.66877587470588,14.35462238,23.8065648594118,52.7410980023529,44.73103781
671,8.6797589042246,14.3304262950267,23.8494297139572,52.8241835727808,44.8145482385562
672,8.68325638010695,14.283823527861,23.8947877252941,52.9077106146524,44.8832185797326
673,8.66836205397849,14.2354729425806,23.9260320608602,52.9575897753226,44.9195684056452
674,8.63963724026882,14.1890441523656,23.9664559954839,53.0228609243011,44.9833248616129
675,8.64309987780749,14.1528339450802,24.021475100107,53.1367608605882,45.003882854492
676,8.66738424080645,14.1600597256452,24.0705674898387,53.1799225224194,45.0751844236021
677,8.72256918096774,14.1216062683871,24.1496621715054,53.2830383431183,45.1545891224731
678,8.74464738209678,14.0973864112903,24.2002906469355,53.3014943293548,45.2429500695161
679,8.76505356827957,14.0894767109677,24.2415882491398,53.2908541706452,45.3390255156452
680,8.8142241344086,14.0757331267204,24.2889104929032,53.3109729698387,45.4434143432796
681,8.84885281304813,14.0960971760428,24.313908064385,53.3003904660428,45.4883364098396
682,8.88001848759358,14.0810218077005,24.3689230145455,53.2583037686096,45.5395785758824
683,8.92635675408602,14.0581162123656,24.4114497230108,53.2415544076344,45.6341138063441
684,8.96627517505376,14.0279527415054,24.458642685914,53.2655911834409,45.7148193360215
685,9.02352987870968,14.0181041609677,24.5172662319355,53.2202501393548,45.9052887880645
686,9.10631664432432,14.0457251137838,24.5746334932432,53.1933074718919,46.0220552924324
687,9.120633864,14.039120414,24.63416097,53.144371068,46.185727728
688,9.15798831306451,14.0288547048387,24.6788489458065,53.1028433732258,46.3509286114516
689,9.18557769080645,14.0098427008065,24.7203096606452,53.0726125832258,46.4179669779032
690,9.23740511589189,13.9557779424865,24.7650061641622,53.1160436708649,46.5607359138378
691,9.34165599724324,13.9663560523243,24.8077044715676,53.1595228772973,46.7278029740541
692,9.39348184675676,13.9819810939459,24.8743680463243,53.1804649097838,46.8494289271892
693,9.42953912774194,13.9593206815054,24.9179586602688,53.2344529188172,47.0487468390323
694,9.44609377681081,13.9499669043243,24.9763355526486,53.2488090347568,47.1863130271351
695,9.48071132578378,13.9357397249189,25.0122063066486,53.2632192454054,47.3630820527027
696,9.49023524221622,13.8854405338919,25.0227377624324,53.2189799943243,47.5407710836757
697,9.53773863864865,13.8586089477838,25.0496256448649,53.2220834110811,47.6951932234595
698,9.60828561432432,13.8711150633514,25.0634825697297,53.2250084079459,47.9559645561622
699,9.65611215248649,13.8378936545405,25.0755099026486,53.2377688514595,48.1093522546486
700,9.68843976260869,13.8418046221739,25.1016409195652,53.29779846,48.3218161078261
