"wl","black_carapace","black_paint","blue_carapace","blue_paint","cloth","mudflat","orange_manus","orange_paint","pink_dactylus","pink_paint"
300,22.1325541040476,10.0586779331429,17.7220043963333,8.98879446614286,4.3983596977619,3.60043091785714,14.9281417953809,5.50981274795238,39.8973898580476,7.74185723657142
301,20.6328010996667,10.165087323,16.702865186,8.865622063,4.25336541533333,3.5565135,14.4195334903333,5.08312707933334,35.6340798853333,7.058926392
302,19.386916572,10.259897604,16.6489623806667,8.74783413466666,4.27914019333333,3.542761696,14.0634752273333,4.88227134466666,32.766080808,6.597953638
303,18.02031353,10.328354845,16.411099225,8.6507547,4.313533655,3.568824075,13.667832595,4.73339873,30.46635444,6.28374544
304,16.8183598557417,10.2893835617703,16.1766748947368,8.56418909114833,4.31108982406698,3.53603030985646,13.4119522816268,4.57971703449761,28.5895871000957,5.87473603368421
305,15.710131924381,10.3051975650476,15.9545084512381,8.49109138428572,4.36756634619047,3.56248599628571,13.1768796328571,4.5376156312381,27.1986713093334,5.67732764085714
306,14.700666800957,10.3258098256938,15.664718071244,8.42366707330144,4.40254303708134,3.56303432602871,12.8518696205263,4.45977645320574,25.932609233445,5.51413016727273
307,13.8156397298095,10.3861495610476,15.4302752993333,8.35945950904762,4.45870910828571,3.613101912,12.6186658692381,4.45723936009524,25.1144456275238,5.39666424495238
308,13.045133820381,10.3685509385714,15.1033362288571,8.30926704580952,4.46556389095238,3.61247402571429,12.304100076381,4.40615977666667,24.4000835269524,5.27996777009524
309,12.4902098062201,10.4224782035885,15.0172644339234,8.26620923822967,4.49676990598086,3.63941630057416,12.1461200946411,4.37011647282297,23.8399883454545,5.20535392047847
310,11.86686787,10.37270989,14.912010076,8.222051652,4.499174785,3.649515086,11.900145382,4.309478426,23.256227359,5.121844871
311,11.3163141111429,10.3491677220952,14.8812987097143,8.18342720704762,4.51769512285714,3.66290944152381,11.7355801898095,4.25952737333333,22.8523872293333,5.04308011390476
312,10.8831141718182,10.3404987654545,14.8276647163636,8.15071237636364,4.54917889181818,3.68406355181818,11.6068188527273,4.24014413727273,22.5108090609091,5.00204086454546
313,10.449138947177,10.3248445111483,14.746190778756,8.11674014263158,4.58038097172249,3.71125146349282,11.4516701581818,4.2214649454067,22.240331237799,4.96422297349282
314,10.0961785683254,10.3033519598086,14.732723188134,8.08121177296651,4.60484963315789,3.73285539181818,11.3574253942584,4.20721031133971,22.1143701415311,4.92753772488038
315,9.84847414105263,10.2876980163158,14.6839172821053,8.04826294,4.62968385210526,3.75696993052632,11.2961725942105,4.19415004105263,21.9872031973684,4.88195930526316
316,9.51804728714285,10.2631223685714,14.67522278,8.01618227714286,4.64098805,3.77361173,11.1825706257143,4.17577006571428,21.8525607428571,4.84222801857143
317,9.21794587253588,10.2022421232536,14.6230290329187,7.99436252301435,4.66470598971292,3.7822461162201,11.0647481984211,4.13652164511962,21.7490394077512,4.79357507354067
318,8.98673743617225,10.1651792547847,14.5845000647847,7.96946797923445,4.7002590392823,3.79839124440191,10.9989340295694,4.12278342856459,21.6858117508134,4.7616783284689
319,8.82008347693781,10.1213722254067,14.5487384002871,7.95022618976077,4.74492087110048,3.8194316608134,10.9310186245933,4.1164942008134,21.6466265360287,4.72623411894737
320,8.5452927252153,10.0893151045455,14.5213555438277,7.92911983229665,4.78195061172249,3.82492973191388,10.8666750223445,4.10517217626794,21.5121843792344,4.6879275207177
321,8.21796387490385,10.0343104683654,14.5097198600481,7.91459847067308,4.79712690153846,3.83697108817308,10.8158060540865,4.07824100067308,21.3592751642308,4.63704657543269
322,7.95997471928229,10.0123436763158,14.5831440248325,7.89518798550239,4.82680057550239,3.85554578373206,10.78148904311,4.0755895576555,21.3098700425837,4.60717380650718
323,7.76948156186603,9.96782152334928,14.6212800736842,7.87693804047847,4.83515921464115,3.87347014866029,10.7657957468421,4.04907670454545,21.2440830827751,4.5638304262201
324,7.60042451301435,9.93300130205742,14.6790808361244,7.86252008569378,4.8633677007177,3.89405910277512,10.6935296917703,4.03971542641148,21.2297058192823,4.537600555311
325,7.51308816692308,9.90702499038462,14.7528435526923,7.84589699769231,4.89430195961538,3.91253148653846,10.6837707973077,4.032309895,21.2960717284615,4.51767887307692
326,7.47602897813397,9.88469727655502,14.7969652104306,7.83367993712919,4.91326801444976,3.92641245100479,10.630582216555,4.01883143205742,21.349204749378,4.50974945995215
327,7.41359762626794,9.85205214665072,14.8457801003349,7.82053028961723,4.93773673038278,3.93755053550239,10.5890969564115,4.00474395521531,21.4236698888995,4.50366618210526
328,7.36461555754808,9.83268532572115,14.9138550535096,7.80771112038462,4.96338635543269,3.94861268221154,10.5744133696154,3.99706912432692,21.5032941438462,4.49930296692308
329,7.30906615086539,9.80661288014423,14.9827172841346,7.79608381201923,4.99817449990385,3.97247741038462,10.5665857355288,3.98836092774039,21.5867480229327,4.49635120293269
330,7.30990178057416,9.78810085550239,15.0209758015789,7.78622990555024,5.03962699196172,4.00390624669856,10.5502074617225,3.99599567277512,21.6934786011962,4.5038346115311
331,7.26667792186603,9.77372670736842,15.1078818732536,7.77844738267943,5.07421416277512,4.03029157947368,10.5646568419617,3.98989208416268,21.7781974988038,4.49291109875598
332,7.22812666100478,9.74124423014354,15.1726252253589,7.76999984220096,5.10511124090909,4.05627509822967,10.5740382419617,3.98593483507177,21.8744270644019,4.49131271837321
333,7.23126379225962,9.72058673990385,15.2711633971635,7.76069438375,5.14502173264423,4.09429155716346,10.5905451101442,3.987167524375,21.9879096622596,4.50253624783654
334,7.1516778775,9.68330892711538,15.3395108967308,7.75427014019231,5.16999780942308,4.10813918961539,10.5777765492308,3.97503112634615,22.0743269051923,4.49056383557692
335,7.14122501019231,9.64669869745192,15.4397137603846,7.75016299850961,5.20449969009615,4.12454635081731,10.6136971907212,3.97254018384615,22.2321444750962,4.49180284427885
336,7.12685953548077,9.63537694884615,15.5262218945192,7.751885325,5.23753129490385,4.15056881875,10.599681895,3.97640520528846,22.3532355720192,4.50467348990385
337,7.09299948634616,9.61022730826923,15.5933571800962,7.74646966822115,5.26669265927885,4.16935939586538,10.5920687623558,3.96533070644231,22.4765423409615,4.50300699480769
338,7.06039848254808,9.59682288870192,15.6494646265385,7.74533988225962,5.30089972024039,4.18950389697115,10.5790167347115,3.97015449317308,22.5810607101923,4.51754181826923
339,7.03494999879808,9.58271616653846,15.7280698203365,7.74353474980769,5.33779097673077,4.21184055326923,10.5684890525,3.96320194326923,22.7136154049038,4.52889220774038
340,7.03139787629808,9.561890245,15.8134936874038,7.74484494774038,5.36759882317308,4.23591711653846,10.5764959194712,3.96244962591346,22.8238949275481,4.53672989081731
341,7.00815350028985,9.54091617512077,15.8868602497585,7.74931711589372,5.40715997961353,4.2543936852657,10.5837103766184,3.96218215193237,22.9341794939613,4.55535517714976
342,7.00289472009615,9.51518028461538,15.9646137377885,7.75235432076923,5.43359289067308,4.27287460307692,10.5822576582692,3.95906846355769,23.0304095642308,4.56965301413461
343,6.98751091341346,9.49627051067308,16.0571083889423,7.75971573798077,5.45547570326923,4.29799829408654,10.6001814079327,3.95150914990385,23.1128227002404,4.59299424
344,6.94630112153846,9.48390904134615,16.1565187740385,7.77275790307692,5.48836057557692,4.32713480096154,10.6335864992308,3.95456278903846,23.2293123259615,4.62610838230769
345,6.92268848676329,9.4611811689372,16.2037947328986,7.78776611661836,5.50949382487923,4.34876954971014,10.6198938875362,3.95520114352657,23.3260675655072,4.65231140067633
346,6.90961768336538,9.44812181716346,16.2835258585577,7.80134954307692,5.53326528995192,4.37882596879808,10.6329416249519,3.953122929375,23.4067773017788,4.68781566149038
347,6.87637290447115,9.41756475692308,16.35262050625,7.81553832677885,5.55409452173077,4.39870031509615,10.6246524504327,3.95402054403846,23.5022847154808,4.71105515884615
348,6.86571246908654,9.38636001163461,16.4081230854808,7.83377451245192,5.57449546192308,4.41850101639423,10.5963889821635,3.95071188418269,23.6251995727404,4.73994636418269
349,6.86276005793269,9.366381581875,16.4863435371635,7.85608167725962,5.600183649375,4.45055127860577,10.6276306795673,3.96103849975962,23.7342588057212,4.79341274110577
350,6.88258680454106,9.34593979410628,16.5572966939614,7.87765370217391,5.62658764608696,4.46328863980676,10.6291276803382,3.96506840072464,23.8855196668599,4.83678508560386
351,6.8982244705314,9.34253496193237,16.6198925506763,7.9048277131401,5.65452969318841,4.49778825565217,10.6707017930435,3.97631207381643,24.0418948366184,4.90667942772947
352,6.89130421019231,9.32746303057692,16.6787352373077,7.93497544019231,5.68383872240385,4.52558295269231,10.6517064251923,3.98878702788462,24.1807077667308,4.97042191298077
353,6.87681522898551,9.29647175391304,16.7415244350725,7.97002718405797,5.69948086942029,4.54215020927536,10.6007493731884,3.98372648391304,24.3516649928986,5.03133674246377
354,6.87468744192308,9.29165423225962,16.8108285603365,8.00715208139423,5.72864565120192,4.57267113870192,10.6128768911058,3.99719027403846,24.4527699952885,5.10440026211539
355,6.84656635637681,9.26523428449275,16.8549031162319,8.04626110797101,5.7483666115942,4.59374618608696,10.6008679908696,3.9945622884058,24.5963416324638,5.16926136434783
356,6.82523062898551,9.2425770873913,16.917781796087,8.09073828710145,5.76650443884058,4.61626968637681,10.6050835753623,3.99278058666667,24.7040300491304,5.23749186347826
357,6.79129011376812,9.23569477971014,16.9456990553623,8.13993815144928,5.80025183884058,4.65504168086957,10.6539889181159,4.00942825391304,24.7605588686957,5.32707150391304
358,6.76101419357488,9.21335274487923,17.0124106093237,8.18964375178744,5.82501327898551,4.68446491801932,10.6782004480193,4.01405513608696,24.8575229586473,5.41454513652174
359,6.71897316304348,9.19231765251208,17.060572011401,8.24392906874396,5.84520052657005,4.70759490280193,10.6678320221739,4.01695660777778,24.9259292401449,5.50572601637681
360,6.69351169695652,9.17400532014493,17.1482018430435,8.30363000956522,5.87228696463768,4.73153438710145,10.6903186604348,4.02212501797101,24.9802084175362,5.60672193086956
361,6.69222405792271,9.1603391263285,17.1807765477778,8.37159144444444,5.89950863140097,4.75750669942029,10.6692430091787,4.03239813942029,25.0743427005797,5.70628711173913
362,6.66028448043478,9.14726192782609,17.2218142491304,8.44145979869565,5.91928176391304,4.77643294913043,10.6697802008696,4.03759305,25.1466715095652,5.80527547565218
363,6.64383593289855,9.12998905222222,17.2881363360386,8.52275405710145,5.94609395642512,4.79508660956522,10.6661674480193,4.04730818608696,25.2093193342029,5.91937739028986
364,6.61576696883495,9.1054666523301,17.3170693047087,8.61693080694175,5.97438471067961,4.82015808325243,10.6391194214078,4.0537557884466,25.2753701540291,6.02521570378641
365,6.62077642714976,9.08693728502415,17.3694342431401,8.72152968574879,5.9937398068116,4.83735757135266,10.6222424238647,4.06335275256039,25.3436362682609,6.13997926183575
366,6.62348496285024,9.05929236338164,17.4228490172464,8.83103404280193,6.02207425695652,4.86657260869565,10.6172415427053,4.07252839599034,25.4482553257488,6.27020565516908
367,6.64327754980583,9.04995500252427,17.4884459434951,8.95339840572815,6.03818335563107,4.89455261679612,10.6072439449515,4.07843856165049,25.5613761584466,6.40713839504854
368,6.64236142888889,9.03961080352657,17.5338859308213,9.08788828608695,6.06146167299517,4.93246859545894,10.6234441728502,4.09502355502415,25.6857031002415,6.56775587241546
369,6.64121792995146,9.0306200823301,17.5622540312621,9.23521531009709,6.09410717699029,4.97189288592233,10.6517135425243,4.10222790839806,25.7819871515534,6.74291031679612
370,6.63329649859903,9.01303271666667,17.6438509465701,9.38866749434783,6.12423709458937,5.01211547164251,10.6607894049275,4.11375522135266,25.88447791,6.93469615536232
371,6.64734392304348,8.9964504526087,17.6889275630435,9.56707191043478,6.16105171391304,5.05850198826087,10.6852011873913,4.13001706608696,25.9790802608696,7.14324070695652
372,6.63670967718447,8.98279387635922,17.741556486068,9.77130727878641,6.20232148873786,5.10496217572816,10.6904209657282,4.14863480805825,26.1076520084951,7.35918215378641
373,6.63968125,8.9643525,17.78692187,9.99958929,6.22900106,5.14131927,10.68237404,4.1585122,26.21583163,7.58527138
374,6.63723532985437,8.95381763805825,17.8521323896602,10.2568499078641,6.25716067262136,5.17461881728155,10.6795321523301,4.17697145417476,26.3177156233495,7.82456346427184
375,6.64838969504854,8.93521797427185,17.8902751193204,10.5468301492233,6.28955623359223,5.20908098213592,10.6784352935922,4.19006812417476,26.4040659432039,8.07109522728155
376,6.67732029771845,8.92227379106796,17.962367978932,10.8678018364563,6.32254254281553,5.2435206242233,10.6786053381553,4.20166597228155,26.471513389466,8.34320658747573
377,6.68914596174757,8.91007225883495,18.0435018988835,11.2094900771845,6.35978478097087,5.28694192262136,10.6979812769903,4.21857654660194,26.5452304086893,8.64650121116505
378,6.72640888849515,8.89750714708738,18.0975984900971,11.5790370321359,6.40629750043689,5.33853099936893,10.7385495942233,4.24021175873786,26.5957884402427,8.97776080713592
379,6.72938970456311,8.8971171984466,18.1641544762621,11.9776633310194,6.45301427378641,5.39501187980583,10.7613779409223,4.2614617234466,26.7069872965534,9.3606941569903
380,6.72915706213592,8.88106972393204,18.213368213301,12.3942663371845,6.49435195990291,5.44470763669903,10.7633205209709,4.27362219019417,26.8244254325728,9.80287057781553
381,6.72859801262136,8.87517424145631,18.2538642660194,12.8343535759223,6.5505204838835,5.49955402990291,10.7716192575728,4.30592675116505,26.9530638200971,10.3190598194175
382,6.71372630305825,8.84997949699029,18.2973132696602,13.2962841845146,6.58440290713592,5.53986114699029,10.7333473713592,4.31191113878641,27.1045586020388,10.8796783643204
383,6.71131335466019,8.83373299320388,18.3389954895146,13.7771711334952,6.63096441407767,5.5899791115534,10.7406650490291,4.32845102961165,27.2020198435922,11.4893593645631
384,6.68660177378641,8.82189932194175,18.3563808227184,14.2745176698058,6.66823463825243,5.63496736320388,10.7389475492233,4.34667784504854,27.2977541438835,12.1147558657282
385,6.69413726560976,8.80555470804878,18.3814979629268,14.78476042,6.70492553926829,5.67604832634146,10.7585263643902,4.37056973365854,27.368853272439,12.7830102631707
386,6.73294416595122,8.79288996429268,18.4232734800976,15.3091615966341,6.73913733707317,5.72396830034146,10.800048439122,4.38701187053659,27.5031710308293,13.4961117733658
387,6.72815905,8.77162448,18.45644807,15.84290875,6.77195593,5.76391924,10.80894774,4.40850922,27.61316979,14.23966851
388,6.73485055699029,8.76162224300971,18.512236752233,16.3764590381553,6.81128666834951,5.80782670650485,10.8269711992233,4.42527863165049,27.6835319806796,15.0547394923301
389,6.74123853073171,8.73837866219512,18.528067512439,16.91524782,6.85173781902439,5.85873880243902,10.833422754878,4.44288461878049,27.8351449831707,15.9805747960975
390,6.713273526,8.728087244,18.547449134,17.450885368,6.897266146,5.916605194,10.813984516,4.471063974,27.926930232,17.04522728
391,6.6843732015534,8.72805894286408,18.5880385763592,17.9837661666019,6.94683338184466,5.97832034228155,10.8118047220388,4.49467043,28.048927113835,18.2380954008252
392,6.65240855780488,8.71797231,18.6326481034146,18.5140761343902,6.98408466121951,6.03125779804878,10.788665104878,4.5140408702439,28.2018036514634,19.4950784507317
393,6.59634771004878,8.70422477082927,18.667568730878,19.0379936240488,7.03001314360976,6.08689352131707,10.7651743217561,4.53836878512195,28.2878309060488,20.77877016
394,6.56435191819512,8.68385007170732,18.7196229046829,19.5553261789268,7.07343163390244,6.13038652341463,10.7904713865366,4.54593799912195,28.3847187030244,22.0182125317073
395,6.53771685760976,8.66028243643902,18.7202100569756,20.0669631774634,7.10648707229268,6.17380072853659,10.7889498007805,4.55772944902439,28.4776796284878,23.2350268214146
396,6.52272404560976,8.64308954429268,18.7518284497561,20.5651053293659,7.14226413302439,6.22013859170732,10.7834717122439,4.57254343517073,28.5329312557073,24.3889075861951
397,6.4808284275122,8.63569439809756,18.760596989561,21.0477259848293,7.16615861292683,6.26604278321951,10.762937897122,4.5783754775122,28.6226297454146,25.4540426989268
398,6.453880428,8.628998742,18.811393852,21.515798142,7.193324726,6.308585166,10.75228787,4.591762298,28.705445918,26.461496242
399,6.43119257585366,8.62224211097561,18.8557274354634,21.9758588820488,7.21639577170732,6.34487604414634,10.7492688732195,4.60069102043902,28.7700012210244,27.4164356769268
400,6.40662510560976,8.61220854580488,18.8836457616098,22.427366821122,7.23478277478049,6.3825020644878,10.7599428535122,4.60276941887805,28.8585244355122,28.3303235472195
401,6.42681274463415,8.59620061731707,18.940398894878,22.8646196643903,7.26726132756098,6.41799431170732,10.7709197902439,4.61165497146342,28.9463714209756,29.2040645707317
402,6.43396262588235,8.58673589333333,18.9715058461765,23.2882751714706,7.29901591392157,6.45930714843137,10.7859660547059,4.61490085715686,29.0243722253922,30.0703147612745
403,6.45127939795122,8.57782078380488,18.9838546254634,23.6976991763415,7.33180306614634,6.50929525473171,10.8270967623415,4.62279002604878,29.1191995113658,30.9014298987805
404,6.42467033121951,8.57129789707317,19.0116825117073,24.0972153031707,7.36972915585366,6.55832453804878,10.8342658921951,4.62680273,29.2129900353659,31.6949326658537
405,6.42297010180488,8.55974004029268,19.0458056718537,24.4883962381951,7.40007244580488,6.60462591580488,10.8352260933659,4.62499688312195,29.3053334089268,32.4569995462927
406,6.42933273210784,8.54865988769608,19.0673523198039,24.8729024181373,7.43128817833333,6.65382094946078,10.8546537519608,4.6271547270098,29.4217645631373,33.1842615537745
407,6.42065615980488,8.531444786,19.1039163643415,25.2443836167317,7.46479868721951,6.70108446014634,10.8388371906829,4.62305345419512,29.5202364912683,33.8515497764878
408,6.43795181878049,8.51803304829268,19.1422956965854,25.6077500970732,7.49428233414634,6.7429560897561,10.8290840497561,4.62275014219512,29.6126470917073,34.4511729456098
409,6.4214900277451,8.50552437568627,19.1455808620588,25.9632458886274,7.53070252132353,6.79293115259804,10.8174591477941,4.62650580769608,29.7062826655882,34.9957594220098
410,6.4111703375,8.4891941175,19.1794386725,26.3117011725,7.5663131725,6.8353214225,10.8116055825,4.6214964275,29.804567905,35.480326425
411,6.41393835235294,8.47655759529412,19.1922556444118,26.6488111591176,7.59644403264706,6.88031203794118,10.7994765164706,4.61704327323529,29.8773281188235,35.8927642508823
412,6.41502319382353,8.47328915382353,19.2208209125,26.9789896204412,7.63392544823529,6.93881122352941,10.8017735069118,4.62015161294118,29.9706131469118,36.2788897067647
413,6.43536231735294,8.46507138823529,19.2694396404902,27.2997868535784,7.66950364058823,6.98571964568627,10.8078294809804,4.61487814504902,30.0621382136274,36.6357891406863
414,6.46669665,8.45727240588235,19.3015998843137,27.616530145098,7.70276555215686,7.03701896078431,10.8104855698039,4.61762701137255,30.1426190254902,36.9613718013726
415,6.48147489215686,8.44449871941177,19.3397755398039,27.9293252029412,7.73552691960784,7.09009563862745,10.8256473639216,4.61565003156863,30.2308871496078,37.277936185098
416,6.48445637117647,8.43360426352941,19.3695613511765,28.2404735882353,7.77372966882353,7.14366900294118,10.8364227794118,4.61833872764706,30.3215275911765,37.5703726064706
417,6.50064340367647,8.42592931862745,19.3877111780392,28.5425407813235,7.8101721072549,7.19341314495098,10.8434892831863,4.61989138901961,30.3868907638235,37.8465807563725
418,6.50562108990196,8.41935787627451,19.4106497623529,28.8356369842157,7.8536924545098,7.25366519382353,10.8618582709804,4.62180612392157,30.4642150014706,38.1109534641176
419,6.53002068014706,8.40852669529412,19.4278342373529,29.1191673869118,7.89376354235294,7.31276972852941,10.8732532198529,4.62452441426471,30.5458177982353,38.3546789023529
420,6.53569335313726,8.40515739843137,19.4528471531373,29.3935202819608,7.93421332705882,7.37560131431372,10.8654091566667,4.63152295117647,30.6300957654902,38.5832935264706
421,6.54199867502463,8.3933613608867,19.4411455054187,29.659520037931,7.9732330270936,7.43960351852217,10.8910366384236,4.63326130492611,30.7404175080788,38.7844487848276
422,6.54346264901478,8.38110212891626,19.4617800404926,29.9199235481281,8.01145913004926,7.50547164655172,10.8810888802463,4.63314196330049,30.8232721468473,38.9741728082759
423,6.58166603009852,8.37337564261084,19.4978719573399,30.1655556614286,8.0497820473399,7.56258885034483,10.8928280842857,4.63177760916256,30.9516848782759,39.1495213660098
424,6.60682136881773,8.36235555995074,19.5583776941379,30.398045685665,8.09041291428571,7.62760705591133,10.9428380564532,4.63201758349754,31.0574215487192,39.342315047734
425,6.61610157009852,8.3510012737931,19.6314059105911,30.6186940645813,8.1349575193596,7.68939826418719,10.9493575054187,4.63484602339902,31.1520839082266,39.5191223620197
426,6.6147782544335,8.33638686064039,19.6766931617734,30.8248290072906,8.17590633827586,7.75305340359606,10.9588187857143,4.6367724226601,31.2567908884236,39.715982610197
427,6.61613234270936,8.32186500793103,19.7227790222167,31.0196915592118,8.2224825835468,7.82976689246305,10.9674757658128,4.63999625034483,31.3507155152709,39.8962694394089
428,6.59557401882353,8.3125711,19.7201549441176,31.1989094129412,8.27454649705882,7.90427654941176,10.9457260470588,4.64574515117647,31.4272000476471,40.0723640770588
429,6.57895347176471,8.29602116588235,19.7319224962745,31.3710283541176,8.31913416647059,7.97067540647059,10.9423523711765,4.63935647313725,31.5426940898039,40.2384942778431
430,6.5919174172549,8.29133793,19.7486106692157,31.5334337809804,8.36693573568627,8.04528881764706,10.9789855084314,4.6434321827451,31.635682195098,40.3919674919608
431,6.57788410916256,8.28523971167488,19.7836084007882,31.6869540549261,8.4147664753202,8.11755880891626,10.9841810928079,4.64577157876847,31.7639267115764,40.5533942412315
432,6.55006248399015,8.27858065596059,19.8174565652709,31.8361797589655,8.46220031197044,8.19269116285714,10.9869188551724,4.64893065374384,31.882600487931,40.7015073616256
433,6.54991488068965,8.26880125068966,19.8596904110345,31.9813684541379,8.5084993262069,8.26587310896551,11.0040988224138,4.65166645344828,31.9950358424138,40.8427864313793
434,6.54460247064039,8.26118968315271,19.8913324571429,32.1177542596059,8.55493424650246,8.34363618837438,11.00446006,4.65462827216749,32.0963306624138,40.971132186798
435,6.5444381439604,8.26394855366337,19.9174753954455,32.2510438060396,8.59916293712871,8.41563864792079,11.0007866750495,4.65804535356436,32.2195849223762,41.0824866835644
436,6.54917522231527,8.25671106477832,19.9367980026601,32.3793960954187,8.64340514325123,8.4821101664532,11.0170186130542,4.66263608768473,32.3113058809852,41.1994521355665
437,6.56038904990148,8.24811383241379,19.9474465687685,32.5042359724631,8.6899747953202,8.5493679646798,11.024443297931,4.66669346399015,32.4264997413793,41.3125094115271
438,6.57243790831683,8.23818636282178,19.9717987470792,32.6249364062376,8.73503517440594,8.61618234816832,11.0358691719802,4.67076479950495,32.5121537566832,41.4214721206931
439,6.57122259433498,8.2248907673399,19.9867520574384,32.7401031375369,8.78030794926108,8.68086994241379,11.0363604333005,4.67225925724138,32.6035432015271,41.5278833781281
440,6.57472259965517,8.21057982724138,20.0304226075862,32.8511112189655,8.82617719965517,8.74508525551724,11.03739471,4.67667612517241,32.6993138886207,41.6384130682759
441,6.57595422267327,8.19855995049505,20.0550694024752,32.9564008786139,8.87051496336634,8.80533494534654,11.0383679310891,4.67842301326733,32.7873810838614,41.7382312593069
442,6.57540155280788,8.19067461059113,20.1033787093103,33.053836898867,8.92036116970443,8.87447229054187,11.0478601155665,4.68337523428571,32.8787807368473,41.8280194271429
443,6.59776751364532,8.1882347353202,20.1569248147291,33.1471074857635,8.97066991551724,8.93578502285714,11.0673795097537,4.69474676320197,32.9650332400985,41.9288086755172
444,6.59403720862069,8.18010700724138,20.1763995086207,33.2385933010345,9.01720501758621,8.99541417896552,11.0702819003448,4.69740013758621,33.0267506613793,42.01147757
445,6.62460892762376,8.17904737247525,20.1937921827723,33.3258345080198,9.06742050326733,9.05757880633663,11.0894193030693,4.70348985138614,33.114239569703,42.0920972858416
446,6.63886714182266,8.17222422768473,20.2001374265517,33.4072677051232,9.12235775325123,9.12024245256158,11.1075277696552,4.70752723916256,33.1934098996059,42.16719304
447,6.62712429241379,8.16642524561576,20.1829379363054,33.4857465325123,9.17408592793103,9.18606581566503,11.0887039902956,4.71237124965517,33.2452954423645,42.2277660684236
448,6.63149454064356,8.16038872841584,20.1861141297525,33.5607849077723,9.22949853920792,9.24905123445544,11.114257334505,4.72337798623762,33.3111604186634,42.2856045089109
449,6.63073379584158,8.15026735,20.2036092585149,33.6329836083168,9.28145388910891,9.30712302346534,11.1231824170297,4.72865829168317,33.3786265342574,42.3356653446535
450,6.62224380425743,8.13898450891089,20.2163976711881,33.702599139901,9.32659754762376,9.3578229680198,11.1265770483168,4.7365585719802,33.4233367527723,42.3727935051485
451,6.61279113890547,8.12930751880597,20.2257109024378,33.7668717404975,9.37891526681592,9.41164016950249,11.1461102169652,4.75037784034826,33.4713623420398,42.3961252575124
452,6.62769223074257,8.12388719435643,20.2563865375248,33.8250892292079,9.43290613643564,9.46617669519802,11.1616558185149,4.75778732386139,33.5154730627228,42.421572804802
453,6.61894420554455,8.12107366118812,20.2692915136634,33.8795684467327,9.49396073306931,9.51880666732673,11.1436200683168,4.77365276287129,33.583310329901,42.4316652070297
454,6.60240807199005,8.11545462791045,20.2456380393035,33.9284390662189,9.55482644562189,9.57305796885572,11.1456159318408,4.78547062482587,33.6468355916418,42.4321283242786
455,6.60145433475248,8.10842796673267,20.2521330194059,33.9747229940594,9.61651422316832,9.62161746693069,11.1521309326733,4.79723020910891,33.6931891620792,42.4252917907921
456,6.5931236721393,8.09699712268657,20.25318624,34.0136332147264,9.6765545062189,9.66780010771144,11.1565661772637,4.81204597945274,33.7103716793532,42.4105965898507
457,6.59004072371287,8.08345233747525,20.2563058427723,34.0480530403465,9.73101716034653,9.71669443727723,11.1872096200495,4.82736269930693,33.7396969844554,42.3854728541584
458,6.60185410666667,8.08253352049751,20.2885485701493,34.0806712437811,9.78901755338308,9.76700723577114,11.1942943041791,4.84888488766169,33.7622482277114,42.3600388656716
459,6.62869948940594,8.06890175821782,20.2984832418812,34.1057243859406,9.83769011475248,9.80806322792079,11.2151606470297,4.87072287544555,33.8061779157426,42.3197211579208
460,6.63416666731343,8.06291392955224,20.2981689748756,34.1283774725373,9.88995740159204,9.85711285641791,11.2212199169154,4.89263855004975,33.8923648412438,42.2612573912935
461,6.63308017328358,8.05960849492537,20.3068177185075,34.1484471252239,9.95170355552239,9.90004008402985,11.2119020146269,4.92085126656716,33.9474234949254,42.2071068534328
462,6.64903667298507,8.05173434014925,20.3035431680597,34.1614469883582,10.0115632743284,9.93938645716418,11.2227167467164,4.94551370492537,34.0161418056716,42.1520580920896
463,6.64416498656716,8.04907196004975,20.3045344257711,34.1648399837313,10.0741541244776,9.98522036940299,11.2267689787065,4.97570551626866,34.0771561179602,42.0922604239801
464,6.64369052472637,8.0393169320398,20.3033816102488,34.1667455042289,10.1328710426866,10.0267164871642,11.2316307720896,5.00711568965174,34.0953694928856,42.0341501727861
465,6.65612984935644,8.03008993831683,20.2985119305941,34.1655618534158,10.1834280588119,10.0643032904455,11.2440392257921,5.04057377118812,34.1302071291089,41.9617080323267
466,6.64620916656716,8.02191705582089,20.2883341058209,34.1649625774627,10.2422081952239,10.1116737804478,11.2533983167164,5.07873596701493,34.1674471923881,41.8892400146269
467,6.65475417756219,8.01228225238806,20.2866086262687,34.1595695530348,10.3004965073134,10.156924371592,11.2477383516915,5.11916251666667,34.2206457445771,41.816927859403
468,6.65292927920398,8.00537904039801,20.2913825761692,34.1483243559204,10.3575350708458,10.2078553358209,11.2519744493532,5.16170997706468,34.2563980256219,41.7366331288557
469,6.64682398149254,7.99695683263682,20.3108260442289,34.1326175650746,10.4237950804478,10.2562941693035,11.2690723416915,5.20211275174129,34.2863355618905,41.6696584098507
470,6.64874940323383,7.99135177422886,20.3264993264179,34.1144580265672,10.4883957818905,10.3059531167164,11.2720260946269,5.24740614820896,34.3053946139801,41.5886526673134
471,6.647423324,7.9855957224,20.3272291624,34.0951406304,10.5535390644,10.3580098216,11.2997304488,5.29410078,34.3184318672,41.5113573744
472,6.63826201179104,7.97435305233831,20.3552043115423,34.0723039585572,10.6168415668657,10.4030037508458,11.3067613498507,5.34135524616915,34.3709772457214,41.4315186161692
473,6.6456453609,7.9727825797,20.3644306988,34.0480114978,10.68672417235,10.45551584975,11.32130314695,5.39359072825,34.4165635263,41.3579365915
474,6.6549974161,7.9674938911,20.3706730733,34.0206324622,10.7499095053,10.5050014725,11.346640291,5.4463287641,34.4908541328,41.2777637555
475,6.65898198875,7.9613691625,20.39244446625,33.99025595,10.81278128125,10.5597131775,11.36556525,5.49935014,34.55488538375,41.20261264875
476,6.6678993761,7.96015310115,20.38331489045,33.95827725835,10.88168531915,10.6146851785,11.40173764275,5.55559381095,34.58183553085,41.14240439435
477,6.67630300800995,7.95698220781095,20.4013507511443,33.9230639482089,10.943978311592,10.6683440382587,11.448521819403,5.61044198492537,34.6554901314925,41.0677313184577
478,6.6775661848,7.9458629812,20.3887982112,33.88465183845,11.01292468615,10.7209320992,11.47053427405,5.6673683804,34.69022267195,41.00526647385
479,6.6783301665,7.9431285555,20.37672803395,33.84002837295,11.0871147799,10.77245172675,11.50777995555,5.72775721985,34.7356179375,40.9423296438
480,6.6922102115,7.9391555777,20.3866803436,33.7942248629,11.1592987079,10.8277231956,11.5310893028,5.7911842687,34.7708735491,40.8739738476
481,6.682653279,7.93739647875,20.37295783925,33.7456882255,11.2415214415,10.89078387275,11.545656178,5.8630688115,34.815644119,40.8143371205
482,6.68450183358209,7.93514719935323,20.3924847871642,33.697111430199,11.3190699154229,10.9558825281095,11.5701797281592,5.93620576900497,34.8414322963682,40.7589244367164
483,6.703570018,7.9275092884,20.3972444912,33.6453803232,11.4003431572,11.023384378,11.5964176144,6.0144541972,34.8645093336,40.6938620944
484,6.7033911848,7.9183257452,20.3834362152,33.5869314968,11.4805411756,11.0943968784,11.6139911436,6.0983048844,34.9016947408,40.6318851784
485,6.71035648045226,7.90710138949749,20.3850975588442,33.5252062848744,11.564768949598,11.1628782825628,11.6390517464824,6.19192964256282,34.9207037453266,40.5651387537186
486,6.716867944,7.901229994,20.38271264625,33.458719238,11.6485788965,11.23192241875,11.6599657855,6.29147172225,34.97364658825,40.50626915
487,6.7179688855,7.9013714751,20.3886392588,33.3894105292,11.7392828612,11.2992709147,11.6834053809,6.3984565965,35.0218418844,40.4499541357
488,6.72491227815,7.89757623855,20.4104053132,33.31642114385,11.8283628499,11.37306342775,11.70376807705,6.5087214744,35.0839557938,40.3938628118
489,6.74169322465,7.8975157054,20.42305759535,33.24099428685,11.9208935879,11.4410562608,11.7255164144,6.6248776438,35.12956082595,40.3452579097
490,6.75894455035176,7.89195163653266,20.433328271809,33.1587423433166,12.0151452873869,11.5139001804523,11.7486073376884,6.74207912417085,35.191893389397,40.28889387
491,6.77345075135678,7.87861587743719,20.4317025946231,33.0734469957789,12.104659790201,11.5836330489447,11.7820749374372,6.86329461241206,35.2384442150754,40.2429769511558
492,6.78738876375,7.8696594125,20.4061286625,32.98446457375,12.19706274625,11.65064703875,11.79688652125,6.98966423875,35.2736194725,40.1922912875
493,6.7965915975,7.858439157,20.3932112168,32.8904942876,12.2891416285,11.7212035812,11.8211425375,7.1146065369,35.2956827702,40.1457444659
494,6.8069698554,7.8513350194,20.3786537769,32.79075010835,12.38573739515,11.792941861,11.8359148698,7.2440294277,35.3335919074,40.10111071445
495,6.81756815522613,7.84458503638191,20.349650531608,32.685756200603,12.4831783656784,11.8719851610553,11.8442950348241,7.37798664135678,35.3483189764322,40.0466977914573
496,6.821866814,7.8393594768,20.3231071404,32.5747914036,12.5888884456,11.9539442496,11.853204524,7.5105620748,35.3675415692,40.008128158
497,6.8363781912,7.831819952,20.2987548974,32.4583749806,12.693357388,12.0318912882,11.864844802,7.6450573052,35.4222668346,39.9588605312
498,6.84490821236181,7.82868129145729,20.2672237441206,32.3324657170854,12.8006025857789,12.115251451809,11.8912567863317,7.78331366422111,35.4552172885427,39.9173693765327
499,6.85639330035176,7.82255409743719,20.2477820134673,32.204181669196,12.9099052797487,12.1907709518593,11.9092650682412,7.91401394849246,35.4966895667839,39.881523751608
500,6.86119349261307,7.81860506859296,20.2495178561809,32.0673412688442,13.0165193466834,12.2707714305025,11.9205846056281,8.03926937527638,35.548663608593,39.8361918083417
501,6.87340862555556,7.81191043222222,20.2357896977778,31.9254289744444,13.1231213288889,12.3516917711111,11.9460789866667,8.15987781,35.5863207055556,39.8002547844444
502,6.89156881090452,7.80520656251256,20.2319582155276,31.7781410738191,13.2382241426131,12.4397751937186,11.9716904492965,8.27683329678392,35.6381584069347,39.7553804200503
503,6.90677358271357,7.79821693743719,20.2196212168844,31.6269922511055,13.3473703221608,12.5267912953266,11.9976719965327,8.38384889653266,35.6757707308543,39.7157358129648
504,6.91866764075377,7.78650679502513,20.2111153545729,31.46878521799,13.4590696373869,12.6091721476884,12.0337663940704,8.48459852507538,35.7369082461307,39.6699674633166
505,6.93195690212121,7.78023261818182,20.1850267953535,31.305543340202,13.5683819274747,12.6971013948485,12.0735555949495,8.57686132454545,35.796268760202,39.6290396120202
506,6.94293080557789,7.76710164301508,20.1618623676884,31.1357875679899,13.6728019274874,12.779948499598,12.1224520542211,8.66090948457287,35.8458131057286,39.5785000324121
507,6.95340325191919,7.75822943424242,20.1308324706061,30.959819150404,13.7839422510101,12.8620548465657,12.1752419519192,8.73928869929293,35.8957287017172,39.5325461216162
508,6.96431440813131,7.74826807813131,20.0832035608586,30.7795760557071,13.8876784653535,12.9502213643939,12.2259935449495,8.81498823116162,35.9181646863636,39.4845022779293
509,6.97462871343434,7.73623450671717,20.0356363324747,30.596513524596,13.9929541021212,13.0288197031313,12.2721689627778,8.88355560308081,35.9499780375758,39.4349645765657
510,6.97848003636364,7.72528224863636,20.0021939963636,30.4073746909091,14.1018242095455,13.1089661868182,12.3147051004545,8.94695232954546,35.9874638527273,39.3947149136364
511,6.98318269025252,7.71283915494949,19.9616631139394,30.2106276575253,14.2124567705556,13.1936765274747,12.3656603472222,9.00530948575758,36.0275342507071,39.3578561317172
512,6.99824083424242,7.70082178717172,19.9370539052525,30.0080597284848,14.3323957786869,13.2782624411111,12.430843880404,9.06953335838384,36.0857420322222,39.333705739495
513,7.00151165934343,7.69341906313131,19.9233700014141,29.8003747978788,14.4530276159596,13.3712061473737,12.5082465713636,9.141764885,36.1538809218182,39.3161932627273
514,7.0250281330303,7.68433309828283,19.8894733351515,29.5886595255555,14.5725128423232,13.4643946125253,12.586512300303,9.20995039343435,36.209095879495,39.2962258939394
515,7.03015959,7.67967096636364,19.8691621,29.3744159563636,14.6970937972727,13.5629346736364,12.6687658045455,9.28829837363637,36.2617089118182,39.2855117318182
516,7.05568555868687,7.67262342151515,19.8700747521212,29.156554479798,14.8195250436364,13.6631525966667,12.755920650303,9.36584087939394,36.3165171645455,39.2714171742424
517,7.07237514949495,7.66490708444444,19.8546736494949,28.9340132820202,14.9434825082828,13.7613928291919,12.8386511224242,9.44313255090909,36.3991666715152,39.271840940404
518,7.09185975553299,7.65676221340102,19.86007928,28.709714568731,15.0650492201523,13.8611106932487,12.9379123514213,9.53004556492386,36.4774314788832,39.279033525533
519,7.11711713253807,7.64587000431472,19.84619147,28.4819770403553,15.1899835195431,13.95630393,13.047235140203,9.62542328746193,36.5464110471574,39.291863010203
520,7.13605139257576,7.63943137156566,19.817890865101,28.2504021418182,15.3169675070202,14.06114057,13.1563707293939,9.72849849035354,36.6261827874747,39.3145171466162
521,7.14254076979798,7.62924955727273,19.7938186635354,28.0147656775758,15.4502895575758,14.1630799112121,13.2677238176768,9.83974580575758,36.6697742221212,39.3390123859596
522,7.16224627090909,7.61781662252525,19.7668742769697,27.7732992732323,15.576746199798,14.2666481286869,13.3902945684848,9.96343832505051,36.7321231909091,39.3663306362626
523,7.17936531808081,7.61258407313131,19.7487646191919,27.5274601167677,15.707538580202,14.3688650312121,13.5264302178788,10.0938690543434,36.7908262858586,39.4096503624242
524,7.19183733162437,7.60254419294416,19.7291127011168,27.2837242462436,15.8352192446193,14.4605870206091,13.6778723605584,10.2288539927919,36.8428909720305,39.451767461066
525,7.21286027857868,7.59401505898477,19.6983723704569,27.0345381208122,15.958234171066,14.5583625922843,13.8337545483756,10.3831806520305,36.9373344942132,39.4988870932487
526,7.23604474309645,7.58657133340102,19.658148811066,26.781760806802,16.0828952037563,14.6513185574619,13.9987188140102,10.549829305533,36.9901698622335,39.5473480882741
527,7.25745375847716,7.57906130903553,19.6162004972081,26.5254527281726,16.2064712424365,14.7532601264467,14.1693926193909,10.7281521911168,37.0514392055838,39.5949221125381
528,7.27882648454545,7.57354051525253,19.5822253841414,26.2657504190909,16.3254913257576,14.8562965127273,14.3492121107071,10.9297184656566,37.1008371445455,39.6530483427273
529,7.28890609969697,7.56458711757576,19.5535147836364,26.0033559509091,16.4467768451515,14.9535761942424,14.5556586390909,11.1398180224243,37.1311939784849,39.7198976818182
530,7.29364596781726,7.55793687390863,19.5137993527919,25.7402579147716,16.5724373798985,15.0569918492386,14.7584339372589,11.370227684264,37.1672444032995,39.8024252354822
531,7.30321020725888,7.55254521756345,19.4988302129949,25.4756049294924,16.6931972624366,15.1552122844162,14.969559977665,11.6160139406091,37.2324306097969,39.8869859390355
532,7.32930511441624,7.54631905446701,19.4637748675635,25.2102182782233,16.8074636255838,15.2513111037563,15.1974648967005,11.8768778426904,37.293854578731,39.9751301402538
533,7.34798483467005,7.5381575751269,19.4288346627411,24.9429048047208,16.9173284799492,15.3485666749746,15.4424540007107,12.1558204783756,37.3460428777665,40.070241175533
534,7.38292754558375,7.52810885096447,19.4038578664975,24.6732152818274,17.0255473585787,15.4419001108629,15.6865166974112,12.4523162936548,37.391076852335,40.1728728715228
535,7.4015490106599,7.51739036527919,19.3621183053299,24.4040179030964,17.1244341414721,15.5354524532487,15.93153149533,12.775089898731,37.4397147341117,40.2849035441624
536,7.41415022632653,7.50886540285714,19.3019055206122,24.132455805102,17.2217181181633,15.6364151346939,16.1771577957143,13.1149914404082,37.4686438385714,40.4086606291837
537,7.43354716380711,7.5011136413198,19.2592264935533,23.8603325629949,17.3187378735533,15.7393448510152,16.4347800486295,13.4806819688833,37.5176456380203,40.5302294565482
538,7.43196796025381,7.49390332279188,19.1941050592893,23.5843252184264,17.4078010037056,15.8450445771574,16.7087404044162,13.8603215406599,37.5607418879188,40.6565038756345
539,7.44192713,7.4884817,19.141789695,23.3060377675,17.50173987,15.947993185,16.99474138,14.2600844225,37.59212516,40.7943607975
540,7.44888582522843,7.48122151101523,19.1195470290863,23.0305168247716,17.592752645533,16.0500643416244,17.2873372612183,14.6784245397462,37.6330205283249,40.9303960830457
541,7.46135808538071,7.47245879588833,19.081145321066,22.7543526025381,17.6723062134518,16.147690397868,17.5675276208122,15.1088461335533,37.6792920447208,41.075517796802
542,7.49363966704082,7.46908609204082,19.0733769523469,22.4769201456633,17.7502865737245,16.248302172551,17.8691472432653,15.5587861559694,37.7407034138265,41.2136260438776
543,7.51963457913706,7.46195220791878,19.0381268570051,22.1993275556345,17.8243114185279,16.3531807514721,18.1898010003553,16.0161788699492,37.8015201677665,41.3431929521827
544,7.53885694807107,7.4593847042132,18.9939490903046,21.9217590009137,17.8943968794416,16.4536640730457,18.5050530256853,16.485564156802,37.8376313320305,41.4660518259391
545,7.55400899877551,7.45705938102041,18.9583480736735,21.6441183902041,17.9594411197959,16.556768482449,18.8328634334694,16.9632729081633,37.8865691807143,41.5667069967347
546,7.55433973872449,7.44870553607143,18.9180896898469,21.3676445246429,18.0300832081633,16.6581235759694,19.1417881011735,17.4460662368878,37.9178576375,41.6685625811225
547,7.55409751821429,7.43619600214286,18.8741272081633,21.0911812416837,18.088603184898,16.7562346076531,19.4483687635714,17.9234189971939,37.9193536487755,41.7575277008163
548,7.55664282581633,7.4263249527551,18.8452392980612,20.8154715518367,18.1470737323469,16.8608344818367,19.7578552361225,18.4012711519388,37.961359225,41.8399736269388
549,7.56810214174359,7.41869602835897,18.8046785397949,20.5401752894359,18.2090909811795,16.9582472598974,20.087016164718,18.8789253732821,37.9994828241538,41.9252216017436
550,7.58571614082051,7.41492485220513,18.7520218038462,20.2690284112821,18.2732881683077,17.0562209497949,20.4220033011795,19.347543539641,38.0141614010256,41.9980409110256
551,7.60508120831633,7.41410787382653,18.7082460065306,20.0001021646939,18.3395910393878,17.1590778539286,20.7490379010204,19.8246172842857,38.0760083489286,42.0805583694388
552,7.61878213918367,7.40869975596939,18.6573430772959,19.7329919763776,18.4044621639286,17.250415315,21.0921625521428,20.2853887859184,38.1155488938265,42.1591818973469
553,7.63019584239796,7.40615652831633,18.6009906046429,19.4678422730612,18.4712464351531,17.3476707132653,21.4191587373469,20.7446357745408,38.1223077095408,42.2482952225
554,7.63555713045918,7.40018119081633,18.5734338258673,19.2074384030612,18.5363458973469,17.4417335801531,21.7558862594388,21.1974763307653,38.1832935229082,42.3557852096429
555,7.64634081744898,7.39732801295918,18.5313168928571,18.9503781069388,18.6113894867347,17.5350345584694,22.0757479094898,21.6459404917347,38.1966499556122,42.4634050077551
556,7.64866320612245,7.39122852892857,18.4782591635714,18.6952580979082,18.680193807398,17.6323888208163,22.4191182766326,22.0876533937755,38.2240535328061,42.5918241404592
557,7.65620445364103,7.38375684292308,18.4450861954359,18.4439390513846,18.7607243066667,17.7288436227692,22.7510977281026,22.5131514137436,38.2784909142564,42.7559869997949
558,7.65895122523077,7.37284087030769,18.3897592115385,18.1974716786154,18.8388879298462,17.8135455718462,23.0757775736923,22.9287993627692,38.2932633667692,42.9366076690769
559,7.662075718,7.36411462015385,18.3579934426154,17.9543312643077,18.9199904923077,17.9063758624615,23.41375645,23.3323401432308,38.3434538664615,43.1662732730769
560,7.67845172882051,7.35843953958974,18.3289840779487,17.714198950718,19.0169647049231,17.9946321707179,23.7274630859487,23.7341811077949,38.4038921019487,43.4339819372308
561,7.6987290674359,7.35559218333333,18.2916804474359,17.4806217897436,19.1159315879487,18.0799802905128,24.0466406748718,24.1263168005128,38.4707277138462,43.7255980651282
562,7.73262143461538,7.35397876564103,18.2523944023077,17.2536465461539,19.2249603069231,18.1772506587179,24.3559571928205,24.5226043930769,38.566527775641,44.0728570302564
563,7.7456109448718,7.3515792888718,18.2182219677949,17.0321209691795,19.3372099618462,18.2630084178462,24.6683567286154,24.906943408718,38.6353363555385,44.4559265788718
564,7.75034588515464,7.35105956958763,18.1807825563918,16.8145584214433,19.4577470131959,18.3497071548969,24.9715153713918,25.2899132992784,38.7155414615464,44.8784626425258
565,7.75967987417526,7.34452299670103,18.1410763945361,16.6023829393814,19.5850318068557,18.4442241651546,25.2614131743814,25.6730720253093,38.7771045748454,45.3637628235051
566,7.76646114794872,7.33925958010256,18.1086946758974,16.3978794888718,19.7105036358461,18.5270824314872,25.585812698,26.0571645647179,38.8427100689744,45.8792682263077
567,7.79170235237113,7.33347066247423,18.0657379918557,16.1975546362887,19.8485995878351,18.6208864423711,25.8921470495876,26.4479137939175,38.935859484433,46.4378266518557
568,7.81599886133333,7.325315254,18.0130801346667,16.002975732,19.9948247626667,18.707566276,26.21632632,26.85959858,38.9916700826667,47.0405030313334
569,7.8299013971134,7.31622880927835,17.9722313137113,15.8148743189691,20.1391826568041,18.7900277804124,26.5720889298969,27.2875697107216,39.0821985604124,47.6500203207216
570,7.83572832569231,7.31160269610256,17.9344112501538,15.6320697087179,20.2978987022564,18.880052628,26.8903998171795,27.7441610915385,39.1384758966667,48.3014469975385
571,7.83771730927835,7.31272492969072,17.8895975050515,15.4555740820619,20.4592659565979,18.9618314543299,27.2201728730928,28.2411529334021,39.1758147885567,48.974415751134
572,7.8294614157732,7.30776832886598,17.8367573073196,15.2859788318557,20.611817143299,19.0405581704124,27.5449581571134,28.7823731079381,39.2289592320619,49.6690469396907
573,7.83062765752577,7.30933243530928,17.8096012071134,15.122748287268,20.7738902195876,19.120959026701,27.873291859433,29.3945738841237,39.2955998975773,50.3953733374227
574,7.82293571391753,7.30919954525773,17.749079817835,14.9640466894845,20.9358625916495,19.1948095304124,28.2037773349485,30.0723601187629,39.36374343,51.1202982776289
575,7.8208314472165,7.30131595149485,17.7097205345361,14.8119139800515,21.0990353896907,19.2738512347938,28.5639578380413,30.8511951596392,39.4423466989175,51.8557632937629
576,7.83591285237113,7.30107401675258,17.6967964207732,14.6658172546907,21.2679905231959,19.3536583882474,28.9392459052062,31.7198473130928,39.5364540995876,52.5817067205155
577,7.85268501221649,7.29561581793814,17.6429373457216,14.5249347543299,21.4316419806701,19.4281394886598,29.288773002732,32.6706419657217,39.6297483571649,53.2861970101031
578,7.87358776577319,7.28612359597938,17.619509697835,14.3886713726804,21.5935991328866,19.5028759862887,29.6706120758763,33.7148759026804,39.6978542059794,53.9815930194845
579,7.87879549097938,7.27795661737113,17.5767325972165,14.2581899720619,21.7486765339175,19.568648512268,30.0215936942268,34.823287262732,39.8037564152577,54.6462707413918
580,7.87845929597938,7.27183008628866,17.5302349227835,14.1330454229897,21.9013266909278,19.6357030339175,30.3550390341237,35.9726817424742,39.8861258847423,55.2866797379381
581,7.90261735742268,7.2685855728866,17.4883427027835,14.0130178445361,22.059067562165,19.7030997021649,30.705720518866,37.1591744970104,39.9388121598969,55.8916595256701
582,7.90873238487047,7.26561721621762,17.4532225889637,13.8974803446114,22.2122857385492,19.7636612111917,31.0179969104145,38.3673114035233,40.0001265140933,56.4685175513471
583,7.92271989092784,7.26155242917526,17.4279147525773,13.786575532268,22.3625830046392,19.8294062315464,31.3075525048454,39.5993836460825,40.060488627732,57.0268566146392
584,7.94070301036269,7.25538094310881,17.405302114456,13.6790268615544,22.5142331133679,19.8897970282383,31.6362460189637,40.8279217805181,40.1265864739378,57.5595680939378
585,7.93526606751295,7.24563104435233,17.3805150343005,13.5776509985492,22.6512151517098,19.9448438536788,31.9773405823316,42.0384190756994,40.2171774573575,58.0755459817098
586,7.96697893253886,7.23692564668394,17.341559466114,13.478851061658,22.7867238562694,20.005203403886,32.3379642353368,43.1972024278756,40.3231762151295,58.5617872046114
587,7.98479034118557,7.23201908675258,17.2919204374742,13.3827259586083,22.9202822271134,20.068936762732,32.7298098635051,44.298074196134,40.401789406701,59.0119614962371
588,8.01514975350515,7.22503088479382,17.22188086,13.2918185579897,23.0472487490722,20.139375092732,33.1123618202062,45.3394244731958,40.5038327221649,59.4366714913917
589,8.03209426943005,7.21464819020725,17.1663065448187,13.2026209689637,23.1828765817098,20.2085599953368,33.4959946403627,46.3037139807253,40.5676712943523,59.8321736008808
590,8.03800519381443,7.21181826185567,17.1346850256701,13.1168318594845,23.3047924064948,20.277922702268,33.9123578896907,47.1997044606185,40.658870924433,60.1929721380412
591,8.04530295020833,7.21018960729167,17.0946779939583,13.0357471489583,23.4293029370833,20.3425297995833,34.3686793414583,48.0053423602083,40.7576712602083,60.5347016370833
592,8.03559989290155,7.20303098507772,17.0820051218135,12.9563909004663,23.5426474018135,20.3994601735751,34.8196449453886,48.7106875075648,40.8120647061658,60.8330947940415
593,8.03809087145078,7.20227699512953,17.0492296168912,12.8788543902591,23.6451699509845,20.4505688037824,35.2645702127979,49.3165853173057,40.9184590720207,61.1173464921244
594,8.03015295917098,7.1901050019171,16.9814448841969,12.8041639820207,23.7469748121762,20.5056108623316,35.7198899348705,49.8470494981347,40.9869498511399,61.3543947178756
595,8.02760041455959,7.18249911466321,16.9461852203109,12.7318035834197,23.832788475285,20.5554227940933,36.1518140989119,50.2869312854404,41.056046736114,61.5790144587047
596,8.03361796067357,7.17605401823834,16.8839566311399,12.6603989481347,23.9230851240414,20.6099931315544,36.6035037139378,50.672908297772,41.1726719259067,61.7920275847668
597,8.0203281688601,7.16866150466321,16.836290228342,12.5902440933679,24.0154792158549,20.6684422517617,37.0590811453886,51.0037281512953,41.2576549081347,61.9669531950777
598,8.00462658606218,7.16256509880829,16.7917859848187,12.5212669111399,24.0928098556477,20.7193790343523,37.4786718325389,51.2744964693782,41.3527918604663,62.1471713939896
599,8.01027948797928,7.15945118658031,16.7362743012435,12.454678534715,24.183905103886,20.7690822041451,37.9132444924871,51.5188704265285,41.4547896536269,62.3237117326943
600,8.0151826334375,7.1510433778125,16.7000093385417,12.388309580625,24.2533636713542,20.8138155784375,38.2998186482292,51.7213136746875,41.5226102385417,62.4691804130208
601,8.029347401875,7.140438800625,16.666950843125,12.3227956175,24.3104441225,20.86182881125,38.707230084375,51.9227317275,41.59397568375,62.61507049
602,8.03900295421875,7.13240493234375,16.62878201875,12.2571445792187,24.3806082920313,20.9063668595313,39.0883057042188,52.091349425,41.6398454145313,62.732498573125
603,8.0074871278125,7.1208420296875,16.5742623234375,12.1951438309375,24.436642495,20.9579815525,39.4732091846875,52.244872168125,41.668764306875,62.8250209334375
604,8.00063360885417,7.12145603520833,16.5402612522917,12.135758601875,24.5024233980208,21.0051919788542,39.8637341879167,52.393084005,41.7207096352083,62.9338855988542
605,7.9978105128125,7.11625848635417,16.48900913625,12.0763733944792,24.5507087359375,21.0526377021875,40.2353247994792,52.5156312282292,41.7610129817708,63.0169040772917
606,7.9941783475,7.108190946875,16.450701485,12.0204485346875,24.5980399853125,21.0993355096875,40.5913979909375,52.6463293971875,41.8145770675,63.1037838634375
607,8.02164338078125,7.098612240625,16.4308572703646,11.9646680086979,24.6386060117708,21.1494706591146,40.9284196448437,52.7589566020312,41.8979809832812,63.1829707528646
608,8.032953160625,7.09268731666667,16.38303884375,11.9100917572917,24.6722496602083,21.1966948270833,41.2310899708333,52.8539677460417,41.960500620625,63.2496023335417
609,8.04742026,7.089354949375,16.3389829255208,11.8567828102083,24.7205728763542,21.239261950625,41.5346205322917,52.9516560058333,42.0498910886458,63.3249677942708
610,8.05748678979058,7.08469990842932,16.2985729989005,11.805010376911,24.7553530079058,21.2809977601047,41.8861281477487,53.0416476248691,42.0962025319372,63.3919909836649
611,8.05944863774869,7.08029738382199,16.2463028708901,11.756235853089,24.7898615353403,21.3154878491099,42.2021492970681,53.1258926546597,42.1656825124607,63.4504750150262
612,8.05383376858639,7.07339985717277,16.1974813898429,11.710025595288,24.8277401360733,21.3618334588482,42.554476674712,53.2202084429319,42.2093468268063,63.5043220707853
613,8.04888801429319,7.07069106774869,16.1605253189005,11.6639391097382,24.8696401249215,21.4175771228272,42.8898833432461,53.2988587682723,42.2183578575393,63.5611964132461
614,8.06394180376963,7.0698212221466,16.1298215824607,11.6208125440314,24.908194265445,21.4626551501571,43.1948618073822,53.3771776566492,42.2599302788482,63.6209576366492
615,8.08947242942408,7.07262939031414,16.0949232946597,11.5771597424607,24.9460992421466,21.5136357415183,43.5109978834555,53.4551317288482,42.3140407164398,63.6917138212042
616,8.10342127267016,7.05669681712042,16.0559353590052,11.5361317302618,24.9818263195811,21.5505430102618,43.7739866582199,53.5208204926178,42.3588316250785,63.7559956357068
617,8.11084688753927,7.04596463146597,16.0010248092147,11.5013779001047,25.002411996178,21.5854725234555,44.0260177703141,53.5842857441885,42.4153711379581,63.8015250153403
618,8.12070374769634,7.03526579528796,15.958476546178,11.4653409732461,25.0339209896335,21.6298083660209,44.2620466895288,53.656524957644,42.4673712589005,63.8498714571728
619,8.12775365026178,7.02265995895288,15.9233131782199,11.4322888963351,25.0605684369634,21.6651970741885,44.4978580459162,53.721559289267,42.4725388305759,63.8868698589529
620,8.14843453879581,7.01823089727749,15.9053373941885,11.4034679508901,25.0833920548168,21.7042195498953,44.743394004555,53.7945036529319,42.5145070531414,63.9303264896859
621,8.19135745727749,7.00979317534031,15.8837854405236,11.3751832365969,25.118980923089,21.751395602199,45.0052128777487,53.8692274007853,42.5248576713089,63.9755512874869
622,8.20614828596859,7.00558859225131,15.8395687762827,11.3478440772775,25.1562170715707,21.8016413922513,45.1862030113089,53.9246971773822,42.5156672113613,64.0292576438743
623,8.21191945335078,7.00180022811518,15.7871038968063,11.3235293643979,25.201416999267,21.850308535445,45.3867312747644,54.0009908829319,42.529140457801,64.080840427644
624,8.23673061052632,7.00643957842105,15.7391221305263,11.2980829547368,25.2532468605263,21.8981192194737,45.5852484426316,54.0533809526316,42.5758151094737,64.1305445647369
625,8.25011591231579,7.01466222626316,15.7048495212632,11.2771836574737,25.3139889376842,21.9442122274737,45.705567624579,54.126449834,42.6236100845263,64.2015877281579
626,8.27300668832461,7.01409637596859,15.6738324720419,11.2593695381152,25.3626521266492,21.9890136456544,45.9578164264398,54.190996303822,42.7003886695288,64.2542921956021
627,8.299531226911,7.00476184397906,15.6361142055497,11.2422166336126,25.4142540174869,22.0288559925654,46.202151188377,54.246530683822,42.7443983782199,64.3217355465445
628,8.299227068,6.99772597952632,15.6018295988421,11.2282651119474,25.4735506794737,22.079271477,46.4117730418947,54.3141347029474,42.7544030027368,64.3839461135263
629,8.305313276,6.978361659,15.560204618,11.216474672,25.526498735,22.113430335,46.647835201,54.352946329,42.782149326,64.438882469
630,8.311784216,6.96403122294737,15.5413771552632,11.2061795364211,25.5999113609474,22.1501512977895,46.8604699769474,54.4085806883158,42.8230962966316,64.5080466565263
631,8.31193213494737,6.962545104,15.5104890291579,11.1980558110526,25.6779398576842,22.1879178726316,47.0273287882105,54.4661187012632,42.8795570229474,64.547606723579
632,8.31587569821053,6.96656641305263,15.4519611682105,11.1909414091579,25.7606657858947,22.2235802016842,47.262014544,54.5289158983158,42.9110818133684,64.5999188084211
633,8.32949874168421,6.97558148978947,15.4062998833684,11.1852067830526,25.8601086594737,22.2721637290526,47.4980097731579,54.6034099635789,42.9588421431579,64.6639526581053
634,8.3375513784127,6.979937,15.3271529534921,11.1819240896825,25.965104665873,22.323019464127,47.6972069796825,54.6601514860317,42.9532123925397,64.7263252506349
635,8.34976204587302,6.97161708222222,15.3013614393651,11.1801447152381,26.0765348780952,22.3685913666667,47.9099743265079,54.7192181747619,42.9997681653968,64.8041036003175
636,8.36851414257895,6.96085489852632,15.2810636323684,11.1825398017368,26.1786926009474,22.4130509023684,48.0949950548421,54.7680187063684,43.0243568129474,64.8904253670526
637,8.33928380621053,6.96077390026316,15.2483526561053,11.1839029232105,26.2968688284737,22.4531911736842,48.2447277491579,54.8091244907895,43.0205735138947,64.9490502318421
638,8.34578137,6.95632915,15.254503,11.189866605,26.406016405,22.480644205,48.439967335,54.868998905,43.08183283,65.01139994
639,8.36046584333333,6.95848096,15.2353961077778,11.2017604177778,26.5354812355556,22.5273950211111,48.54557204,54.9223403133333,43.0718023077778,65.0894200188889
640,8.36054499121693,6.95655366962963,15.1905683737566,11.2111830012698,26.6842136831746,22.5615894630159,48.6540637351852,54.9790881266138,43.1235815744444,65.1501733149736
641,8.40215783421053,6.95097942452632,15.185816846,11.2205267093684,26.8190505025263,22.5877650941053,48.7892099284211,55.0195336096842,43.1909038317895,65.2131128308421
642,8.41869733095238,6.94400819761905,15.1283746366667,11.2334541742857,26.9827766242857,22.6439516942857,48.8409157714286,55.0627077852381,43.2205206457143,65.2758098042857
643,8.43041155571428,6.94533280809524,15.0751644895238,11.2476312952381,27.1493621652381,22.6836371038095,48.9597361704762,55.1052040352381,43.2278226071429,65.3259887538095
644,8.47298826809524,6.94386178857143,15.0563874295238,11.2634240709524,27.3250454523809,22.7313028214286,49.0652455028571,55.1528542519048,43.2310874628571,65.3940490104762
645,8.49510227814815,6.93770343814815,15.0231396640741,11.2810756040741,27.5210388381482,22.7872976940741,49.1966099681482,55.2241277725926,43.2612918511111,65.4760286614815
646,8.52031358582011,6.93622491179894,15.0096741720635,11.2986953314286,27.713511589418,22.8230258499471,49.3298868608466,55.2735115944444,43.2992450701587,65.5355595607937
647,8.52946193063493,6.92861731412698,14.9904924101587,11.3197747853968,27.9207265839682,22.8555538739683,49.4427265677778,55.32038482,43.3566334809524,65.5953079150794
648,8.51972877693122,6.92595870058201,14.9948146849735,11.341965682381,28.1223346174074,22.9017684550794,49.5532418078307,55.3810269159259,43.4378183998942,65.6702612601058
649,8.51436186787234,6.91886942574468,14.9738463297872,11.3592747102128,28.3392652646809,22.9437079640426,49.6634303310638,55.4306048904255,43.4893716053191,65.7301334753191
650,8.48287767809524,6.91790713375661,14.9378982591534,11.3820129563492,28.5732617302116,22.9833111256614,49.7879676681481,55.4716868395238,43.5516257175132,65.8247845226984
651,8.51748271638298,6.91267367744681,14.9166336781915,11.4036076040426,28.8132534565957,23.0231373104787,50.0218091499468,55.5148882759043,43.6189500360106,65.8997247642553
652,8.54238573285714,6.90805118449735,14.8529143783598,11.4250721583069,29.0707215343915,23.0628827950794,50.2554468969841,55.5567826424868,43.6633745685185,65.9439220341799
653,8.58554306382979,6.9105287693617,14.8225078180851,11.4495354855319,29.3284834882979,23.1028155757447,50.4446771902128,55.6188361897872,43.7251830168085,66.0002262285106
654,8.59283960808511,6.89926368531915,14.813305322234,11.4723498947872,29.582515262766,23.1479430037234,50.6116594597872,55.6668963137234,43.7891102392553,66.0224150662766
655,8.56477608914894,6.89555260510638,14.7728168061702,11.4923774380851,29.8472861108511,23.1986874102128,50.6997720776596,55.7203865580851,43.8920784570213,66.0679612751064
656,8.53156427920213,6.88394783861702,14.7347309605851,11.5141602245745,30.128104291383,23.2364036258511,50.8141359622872,55.7602023595213,43.954668066383,66.1061293129787
657,8.49518321446809,6.88422530744681,14.7017462453191,11.5354548604255,30.4134014248936,23.2884465279787,51.0036025268085,55.7861996520213,44.025575368617,66.1614396801064
658,8.52758163489362,6.89068512617021,14.6524813339362,11.5544587442553,30.7155904991489,23.3290824775532,51.2015198780851,55.8430199384043,44.0626365551064,66.2321369996809
659,8.52737491882979,6.89060137138298,14.6089945560638,11.5724069091489,31.0043961807447,23.3792301180851,51.4033882146809,55.8845553946808,44.0485309669149,66.2974121821277
660,8.54384302090909,6.89672656058824,14.5931855092513,11.5902175606952,31.2977176065241,23.4139353121925,51.6009883996257,55.9351957885562,44.0451364069519,66.3733348895722
661,8.54529821388298,6.88247419308511,14.5480970264362,11.6097377229787,31.5854472022872,23.44700728,51.7784974709043,55.9628962651064,44.0493679318085,66.4103019717021
662,8.54472950727273,6.87087770272727,14.5141770527273,11.6253908463636,31.8768124427273,23.4795393745455,51.9019182745454,56.0092665163636,44.1386757136364,66.4569845009091
663,8.54114221165776,6.85742906919786,14.502475544385,11.6421912136898,32.1743979288235,23.5138512410695,52.0389681671123,56.0569729394652,44.2228662559893,66.5020163329412
664,8.54993353417112,6.85470211101604,14.482824274385,11.6544798537433,32.4779177674866,23.5765773534225,52.118879341123,56.0868077797861,44.3116770194652,66.5279523655615
665,8.56641971759358,6.85633936449198,14.4667669323529,11.6690887091444,32.7978038258824,23.6090150248663,52.1914180217647,56.1290124281283,44.4288008793048,66.5802882112834
666,8.56536012861702,6.85413755404255,14.4443131825532,11.6811692739362,33.1009301643617,23.6545794090426,52.3081721861702,56.1550872181915,44.4449507479787,66.6091492031915
667,8.59714082609625,6.8476327368984,14.4106030120321,11.6875378134759,33.414464669893,23.6941094997326,52.3920044027273,56.1915098632086,44.5266190537968,66.6337315750267
668,8.60855986272727,6.82920739090909,14.3848539663636,11.6940281054545,33.7312097627273,23.7225339327273,52.4926442309091,56.2443398581818,44.5958311709091,66.6798633872727
669,8.62183365213904,6.81187909192513,14.3480711787166,11.6958547260428,34.0357193639038,23.7690754152406,52.6072605910695,56.2906890852941,44.6568128100535,66.7285436025668
670,8.66877587470588,6.81046177176471,14.35462238,11.6962069870588,34.3577542435294,23.8065648594118,52.7410980023529,56.3333279129412,44.73103781,66.7774825817647
671,8.6797589042246,6.81253963438503,14.3304262950267,11.6952507065241,34.6732812394653,23.8494297139572,52.8241835727808,56.3878047379679,44.8145482385562,66.8450046185027
672,8.68325638010695,6.81013744417112,14.283823527861,11.6892274224599,34.9913532283957,23.8947877252941,52.9077106146524,56.418078482139,44.8832185797326,66.8980567985027
673,8.66836205397849,6.80650124747312,14.2354729425806,11.6797205752151,35.3065472976344,23.9260320608602,52.9575897753226,56.4541045439247,44.9195684056452,66.9378223100538
674,8.63963724026882,6.79063923010753,14.1890441523656,11.6694886812366,35.6185465654839,23.9664559954839,53.0228609243011,56.4899417894624,44.9833248616129,66.9903595638172
675,8.64309987780749,6.7913357853476,14.1528339450802,11.6561605174866,35.9329580490909,24.021475100107,53.1367608605882,56.5465104914438,45.003882854492,67.0045432468449
676,8.66738424080645,6.78351751951613,14.1600597256452,11.6367458341398,36.2471244798925,24.0705674898387,53.1799225224194,56.6151533548925,45.0751844236021,67.0455607174731
677,8.72256918096774,6.78745056032258,14.1216062683871,11.6121970255914,36.5633184426882,24.1496621715054,53.2830383431183,56.6888653056989,45.1545891224731,67.0984809841935
678,8.74464738209678,6.78078488225806,14.0973864112903,11.5864433574194,36.8518238654839,24.2002906469355,53.3014943293548,56.754729366129,45.2429500695161,67.138816201129
679,8.76505356827957,6.7710458588172,14.0894767109677,11.5552879056989,37.1492827439247,24.2415882491398,53.2908541706452,56.7902713342473,45.3390255156452,67.1874753628495
680,8.8142241344086,6.77402820564516,14.0757331267204,11.522189763871,37.4345093237097,24.2889104929032,53.3109729698387,56.8350547426882,45.4434143432796,67.2221593843011
681,8.84885281304813,6.75717359855615,14.0960971760428,11.483795468877,37.7310494573262,24.313908064385,53.3003904660428,56.8924459793048,45.4883364098396,67.2560991464706
682,8.88001848759358,6.75082831406417,14.0810218077005,11.444561262246,38.0474329267915,24.3689230145455,53.2583037686096,56.9809249248663,45.5395785758824,67.2828215326738
683,8.92635675408602,6.74010017741935,14.0581162123656,11.4023256289247,38.3560332311828,24.4114497230108,53.2415544076344,57.0803017898925,45.6341138063441,67.3290614349462
684,8.96627517505376,6.72685860193548,14.0279527415054,11.3579349747312,38.6623884147312,24.458642685914,53.2655911834409,57.1828903265591,45.7148193360215,67.3615196365591
685,9.02352987870968,6.72237389193548,14.0181041609677,11.3088705209677,38.961691113871,24.5172662319355,53.2202501393548,57.2948245409677,45.9052887880645,67.40560815
686,9.10631664432432,6.72358915027027,14.0457251137838,11.2604120156757,39.2641859235135,24.5746334932432,53.1933074718919,57.3819826718919,46.0220552924324,67.4567465494595
687,9.120633864,6.708374646,14.039120414,11.212443094,39.56769754,24.63416097,53.144371068,57.477373386,46.185727728,67.485877274
688,9.15798831306451,6.69520902435484,14.0288547048387,11.1561765624194,39.8572039101613,24.6788489458065,53.1028433732258,57.5771290146774,46.3509286114516,67.5240436191935
689,9.18557769080645,6.68811926709677,14.0098427008065,11.1015120654839,40.1691503954839,24.7203096606452,53.0726125832258,57.6971788435484,46.4179669779032,67.5381865735484
690,9.23740511589189,6.66426381432432,13.9557779424865,11.0474326291351,40.4651803294595,24.7650061641622,53.1160436708649,57.7863366596216,46.5607359138378,67.5327805188108
691,9.34165599724324,6.64546415005405,13.9663560523243,10.9921122418919,40.7579072542703,24.8077044715676,53.1595228772973,57.8831514017297,46.7278029740541,67.5417265581622
692,9.39348184675676,6.63721586497297,13.9819810939459,10.9384420782162,41.0486877425946,24.8743680463243,53.1804649097838,57.997592148,46.8494289271892,67.554951232973
693,9.42953912774194,6.61242765801075,13.9593206815054,10.8845086108064,41.3061087311828,24.9179586602688,53.2344529188172,58.0983961328495,47.0487468390323,67.5553851597849
694,9.44609377681081,6.59224502124324,13.9499669043243,10.8264206913514,41.569114694,24.9763355526486,53.2488090347568,58.2361081785405,47.1863130271351,67.5388428769189
695,9.48071132578378,6.57151066102703,13.9357397249189,10.7748043436216,41.8182740754054,25.0122063066486,53.2632192454054,58.3641181908108,47.3630820527027,67.4947193820541
696,9.49023524221622,6.5398682147027,13.8854405338919,10.7187677649189,42.0678868911892,25.0227377624324,53.2189799943243,58.4594305933514,47.5407710836757,67.4117689263784
697,9.53773863864865,6.52383727551351,13.8586089477838,10.6657564392432,42.3292755882703,25.0496256448649,53.2220834110811,58.5627650477838,47.6951932234595,67.370778930973
698,9.60828561432432,6.5138467967027,13.8711150633514,10.6091916264865,42.5687123147567,25.0634825697297,53.2250084079459,58.6795763802703,47.9559645561622,67.3258456126486
699,9.65611215248649,6.49303888627027,13.8378936545405,10.5568935035135,42.8078737872432,25.0755099026486,53.2377688514595,58.7785209276216,48.1093522546486,67.2900146898378
700,9.68843976260869,6.47430999695652,13.8418046221739,10.5085850208696,43.0475972952174,25.1016409195652,53.29779846,58.8945887082609,48.3218161078261,67.2310882586956
