"wl","001_gv_wy_cara_ti","001_gv_wy_caraspot_ti","001_gv_wy_dact_ti","001_gv_wy_ponta_ti","001_gv_wy_prop_ti","003_gv_wy_cara_ti","003_gv_wy_ponta_ti","003_gv_wy_prop_ti","004_gv_wy_cara_ti","004_gv_wy_dact_ti","004_gv_wy_ponta_ti","004_gv_wy_prop_ti"
300,25.9696648850476,17.7220043963333,22.4856712742857,23.3077724337143,11.3560128974762,22.1325541040476,14.9281417953809,44.0371071801904,80.3933271526189,39.8973898580476,60.5572400065237,58.9516328386666
301,25.2192487213333,16.702865186,21.315330075,22.34263237,10.356278073,20.6328010996667,14.4195334903333,40.7370838116667,68.005659066,35.6340798853333,50.955821466,51.2455295826667
302,24.85225379,16.6489623806667,20.847168476,21.8887595113333,9.76458141599999,19.386916572,14.0634752273333,37.8123307166666,58.3143312146666,32.766080808,43.4309893826666,45.0190123226666
303,24.523238305,16.411099225,20.20935833,21.47907396,8.962779545,18.02031353,13.667832595,34.859015025,50.61011039,30.46635444,37.412188995,40.182194235
304,24.3002941409091,16.1766748947368,19.7013972722488,21.2042999981818,8.63518286665073,16.8183598557417,13.4119522816268,32.1104200320096,44.3120616446413,28.5895871000957,32.4413572678948,36.1782812771293
305,24.1525461619048,15.9545084512381,19.4463243438095,20.8105425542857,8.2330576384762,15.710131924381,13.1768796328571,29.6652419248572,39.2092289576191,27.1986713093334,28.5834574598096,32.9778198872381
306,24.097249452823,15.664718071244,19.1445365686603,20.5236947462679,7.91629762961723,14.700666800957,12.8518696205263,27.3964211638278,35.1490615732058,25.932609233445,25.4113601074642,30.6091796784211
307,24.0157892904762,15.4302752993333,18.9760841316191,20.3067299089524,7.74082080457143,13.8156397298095,12.6186658692381,25.4763827213333,31.8643419022857,25.1144456275238,23.0002385397143,28.6155504639048
308,23.9351124934286,15.1033362288571,18.7901736524762,20.0751455089524,7.45798787752381,13.045133820381,12.304100076381,23.7855975747619,29.1722800553333,24.4000835269524,20.9892311159048,26.9420359201905
309,23.9849671370335,15.0172644339234,18.7251037844976,20.0820515110048,7.45141730277512,12.4902098062201,12.1461200946411,22.3059128971292,27.1675271274162,23.8399883454545,19.5194396192344,25.7249484891866
310,23.731466264,14.912010076,18.657367685,19.900378985,7.168701587,11.86686787,11.900145382,20.833560359,25.357468472,23.256227359,18.125354683,24.523755412
311,23.5862235170476,14.8812987097143,18.4716681964762,19.7483021366667,7.06209484438095,11.3163141111429,11.7355801898095,19.7051331639048,23.8479251200952,22.8523872293333,17.0382531745714,23.6211639268571
312,23.5595754036364,14.8276647163636,18.4344330181818,19.7005898309091,7.08024095,10.8831141718182,11.6068188527273,18.6405675109091,22.6998584609091,22.5108090609091,16.0965385818182,22.8779059427273
313,23.4661708733971,14.746190778756,18.4377710985646,19.6653528038278,6.93629976449761,10.449138947177,11.4516701581818,17.7348320190909,21.7303179376077,22.240331237799,15.3237015126316,22.1917239476555
314,23.4917951592823,14.732723188134,18.431300634067,19.6571214147368,6.92419493956938,10.0961785683254,11.3574253942584,16.9318689458373,20.8625750551675,22.1143701415311,14.6830653000478,21.7284277766986
315,23.5073369763158,14.6839172821053,18.4176727421053,19.6427740173684,6.92579180631579,9.84847414105263,11.2961725942105,16.2859061673684,20.1432848668421,21.9872031973684,14.1173486426316,21.3217741963158
316,23.4476891285714,14.67522278,18.4151643671429,19.6437311757143,6.88911680571428,9.51804728714285,11.1825706257143,15.6420547471428,19.4912326685714,21.8525607428571,13.6093180185714,20.9372071414286
317,23.3528483799521,14.6230290329187,18.3951572869856,19.5685696600478,6.77857150191387,9.21794587253588,11.0647481984211,15.0389940446411,18.8969577905263,21.7490394077512,13.155190405311,20.6053217574163
318,23.249559027177,14.5845000647847,18.3457487441627,19.5114047304306,6.74782845684211,8.98673743617225,10.9989340295694,14.6172881382775,18.4797951763636,21.6858117508134,12.8705853325837,20.4167064119139
319,23.2453634358373,14.5487384002871,18.3375572552153,19.5567481184211,6.70386851545454,8.82008347693781,10.9310186245933,14.2387751183732,18.2251708355502,21.6466265360287,12.6164049555502,20.2849304038278
320,23.2078777068899,14.5213555438277,18.3517745263636,19.5045612262679,6.68279445751196,8.5452927252153,10.8666750223445,13.6105692629186,17.6509192518182,21.5121843792344,12.1292822044497,19.9327989332057
321,23.1657405735096,14.5097198600481,18.3327260758654,19.4789351044712,6.61407991798077,8.21796387490385,10.8158060540865,12.8313177085577,16.8787731973077,21.3592751642308,11.504940803125,19.4843881072115
322,23.1727630049761,14.5831440248325,18.4022128194258,19.4503640011005,6.63889000799043,7.95997471928229,10.78148904311,12.1840918997129,16.313539374689,21.3098700425837,11.0869723760765,19.1652540219617
323,23.1142288088038,14.6212800736842,18.3983091666507,19.4550018631579,6.64901143038278,7.76948156186603,10.7657957468421,11.6933693844019,15.8120566519139,21.2440830827751,10.696792968756,18.8866794504785
324,23.063707841866,14.6790808361244,18.4253833844976,19.421845771866,6.59198975244019,7.60042451301435,10.6935296917703,11.3466112493301,15.4963691630144,21.2297058192823,10.4279204855981,18.7299939216268
325,23.0205817426923,14.7528435526923,18.4882701565385,19.4230293546154,6.59060645269231,7.51308816692308,10.6837707973077,11.190784385,15.4355856642308,21.2960717284615,10.3501964761538,18.7371400580769
326,22.9740608555024,14.7969652104306,18.5036007817703,19.4342825908134,6.56097272449761,7.47602897813397,10.630582216555,11.1278072327751,15.4263230967943,21.349204749378,10.2821593572727,18.7438819844976
327,22.9015118184689,14.8457801003349,18.5533884107177,19.4173310852632,6.52257746564593,7.41359762626794,10.5890969564115,11.0276152899043,15.3704731146411,21.4236698888995,10.1952595704306,18.7809190331579
328,22.8528028098077,14.9138550535096,18.6503250879327,19.4116635990865,6.46303293884615,7.36461555754808,10.5744133696154,10.9122957762019,15.2969058210577,21.5032941438462,10.1429585163942,18.7702152772596
329,22.7717185308654,14.9827172841346,18.6611831695673,19.4132167172596,6.44583374663461,7.30906615086539,10.5665857355288,10.8487678815385,15.2428654724038,21.5867480229327,10.0963746299038,18.7988270871635
330,22.7283559214833,15.0209758015789,18.7290539769856,19.4015082499522,6.47120730339713,7.30990178057416,10.5502074617225,10.8019110300957,15.2066811617703,21.6934786011962,10.0553915445933,18.8522335922967
331,22.7305492919139,15.1078818732536,18.7917803019617,19.4086081130144,6.45916808521531,7.26667792186603,10.5646568419617,10.7511794547368,15.2091343856459,21.7781974988038,10.0101203021053,18.8870406374641
332,22.6797170338756,15.1726252253589,18.8309014331101,19.4520010308612,6.45882523291866,7.22812666100478,10.5740382419617,10.6724372026794,15.1659016949282,21.8744270644019,9.94489848368421,18.9607015452632
333,22.7175391757212,15.2711633971635,18.9395327301442,19.4804674721154,6.48718117057692,7.23126379225962,10.5905451101442,10.5965341619712,15.1706233266827,21.9879096622596,9.92245112543269,19.01880862125
334,22.7305206807692,15.3395108967308,18.9455464055769,19.5012420576923,6.44604219480769,7.1516778775,10.5777765492308,10.4508798782692,15.1086919721154,22.0743269051923,9.82019712519231,19.0371815548077
335,22.7338785984135,15.4397137603846,19.0209745411538,19.5243008845192,6.46811078644231,7.14122501019231,10.6136971907212,10.3746787269231,15.064169246875,22.2321444750962,9.76100752975962,19.1243803263942
336,22.6783473447115,15.5262218945192,19.11114560125,19.5585855299038,6.48524933461539,7.12685953548077,10.599681895,10.3306764856731,15.0117120372115,22.3532355720192,9.73303214192308,19.1887360278846
337,22.6369757232212,15.5933571800962,19.193322248125,19.5538657526442,6.48813605894231,7.09299948634616,10.5920687623558,10.2732928300962,14.9971008761538,22.4765423409615,9.66948280461539,19.2256300132692
338,22.6250714626923,15.6494646265385,19.2849340970192,19.5612790396635,6.50429589278846,7.06039848254808,10.5790167347115,10.1830859528365,14.9854278824038,22.5810607101923,9.60081386427884,19.2862926979327
339,22.5647238106731,15.7280698203365,19.392697228125,19.587671268125,6.48601150278846,7.03494999879808,10.5684890525,10.1419867872596,14.9170747880769,22.7136154049038,9.57918646384615,19.3108082910096
340,22.5507148281731,15.8134936874038,19.5006243113462,19.6014898969712,6.49669578557692,7.03139787629808,10.5764959194712,10.0783534640865,14.8945781710577,22.8238949275481,9.51776999548077,19.3156114945673
341,22.5557121737198,15.8868602497585,19.5871898433816,19.6152472003865,6.50599155048309,7.00815350028985,10.5837103766184,10.0276455469565,14.8468517478261,22.9341794939613,9.45722174884058,19.3841336512077
342,22.5243289931731,15.9646137377885,19.6228438170192,19.6427158120192,6.49935625413462,7.00289472009615,10.5822576582692,9.97864611942308,14.7798915007692,23.0304095642308,9.41227591259615,19.4352078674038
343,22.5284414042788,16.0571083889423,19.7296443224519,19.6482966545673,6.50566553807692,6.98751091341346,10.6001814079327,9.96955030149038,14.7329119177885,23.1128227002404,9.33748248014423,19.5002047276442
344,22.52934464,16.1565187740385,19.8096993605769,19.6671353678846,6.49151049980769,6.94630112153846,10.6335864992308,9.90360108923077,14.6476230030769,23.2293123259615,9.27968510519231,19.5056347928846
345,22.5324585055556,16.2037947328986,19.8758949500966,19.6865731435266,6.47471612695652,6.92268848676329,10.6198938875362,9.86150091903382,14.609690343285,23.3260675655072,9.23451876371981,19.532566535942
346,22.5102256016346,16.2835258585577,19.9829198874519,19.7112316207692,6.45726387115385,6.90961768336538,10.6329416249519,9.78216556269231,14.5530795122596,23.4067773017788,9.18789515043269,19.5356720419712
347,22.4658664947596,16.35262050625,20.0639409210577,19.7691915805288,6.47423175985577,6.87637290447115,10.6246524504327,9.73533071052885,14.5263756486538,23.5022847154808,9.17175827427885,19.5515505952885
348,22.3863361262981,16.4081230854808,20.1152930166346,19.7931737689423,6.46568118197115,6.86571246908654,10.5963889821635,9.70500057932692,14.4889094177404,23.6251995727404,9.11226628384615,19.5683203659615
349,22.3654512627885,16.4863435371635,20.199956219375,19.8091744004808,6.47949158384615,6.86276005793269,10.6276306795673,9.72268938620192,14.4625867008654,23.7342588057212,9.08925046975962,19.6192450549038
350,22.3010137660386,16.5572966939614,20.2597481154589,19.8327452839614,6.50920906584541,6.88258680454106,10.6291276803382,9.78202822801932,14.460729525314,23.8855196668599,9.08448771536232,19.6975634172464
351,22.2731851286473,16.6198925506763,20.3283839344928,19.8098442597101,6.51679039309179,6.8982244705314,10.6707017930435,9.80181447898551,14.4802374882126,24.0418948366184,9.05491745096618,19.7650783256039
352,22.2321878996154,16.6787352373077,20.3809468613462,19.8011995152885,6.50025011884615,6.89130421019231,10.6517064251923,9.79697403759615,14.4797723257692,24.1807077667308,9.00841606625,19.8050029801923
353,22.2240661785507,16.7415244350725,20.4581295536232,19.7946277769565,6.50524222028985,6.87681522898551,10.6007493731884,9.76508463376812,14.5197019302899,24.3516649928986,8.97898703260869,19.8374712152174
354,22.2314572047596,16.8108285603365,20.5416363175962,19.8007481636058,6.51685383855769,6.87468744192308,10.6128768911058,9.76229467875,14.5219389534615,24.4527699952885,8.97654878293269,19.8300773440385
355,22.2329754892754,16.8549031162319,20.5966228214493,19.7987201513043,6.49526199536232,6.84656635637681,10.6008679908696,9.74331774536232,14.4830050649275,24.5963416324638,8.92986747202898,19.8030662871014
356,22.2183393253623,16.917781796087,20.6837061013043,19.7931006436232,6.49694915289855,6.82523062898551,10.6050835753623,9.66077148913043,14.4093985443478,24.7040300491304,8.88468418710145,19.795671366087
357,22.1588268555072,16.9456990553623,20.7028458304348,19.7797216276812,6.46947893115942,6.79129011376812,10.6539889181159,9.58645034884058,14.2972031998551,24.7605588686957,8.80952266362319,19.7503521486957
358,22.1219356374879,17.0124106093237,20.7572324576328,19.7556441629469,6.47500212748792,6.76101419357488,10.6782004480193,9.46575924888889,14.1736761573913,24.8575229586473,8.71493763057971,19.681330971401
359,22.0864193961353,17.060572011401,20.786441325942,19.7305003311594,6.45968309748792,6.71897316304348,10.6678320221739,9.29302811115942,14.0480910462319,24.9259292401449,8.60852358671498,19.6156251809179
360,22.0870868336232,17.1482018430435,20.81989415,19.7747527605797,6.47711132275362,6.69351169695652,10.6903186604348,9.19021635231884,13.9504177157971,24.9802084175362,8.54541776550725,19.560109474058
361,22.0317669550242,17.1807765477778,20.8526971928502,19.8141106363768,6.51417519439614,6.69222405792271,10.6692430091787,9.09265585855073,13.8387367190821,25.0743427005797,8.47876083681159,19.5282290441063
362,21.9702618769565,17.2218142491304,20.8887808547826,19.8330029273913,6.51312388,6.66028448043478,10.6697802008696,9.00469732347826,13.7673360404348,25.1466715095652,8.42047760304348,19.5076011756522
363,21.9379955160386,17.2881363360386,20.9681595864734,19.8338993517874,6.52494470830918,6.64383593289855,10.6661674480193,8.94173726125604,13.7051188483575,25.2093193342029,8.38152264521739,19.5055347828019
364,21.8712658662136,17.3170693047087,21.0194837617961,19.8442136759223,6.51786821038835,6.61576696883495,10.6391194214078,8.88202492441748,13.6762052796602,25.2753701540291,8.35442972665049,19.5135084018447
365,21.8773251603865,17.3694342431401,21.0860469987923,19.8277422549758,6.51195256111111,6.62077642714976,10.6222424238647,8.8659106278744,13.6943158074879,25.3436362682609,8.33047284516908,19.5155052663768
366,21.8895763607246,17.4228490172464,21.1477974133333,19.8460225605797,6.50141667178744,6.62348496285024,10.6172415427053,8.85839371246377,13.7283216661836,25.4482553257488,8.33944116516908,19.5786350025604
367,21.8995963505825,17.4884459434951,21.1890425828155,19.8619076435922,6.49017449417476,6.64327754980583,10.6072439449515,8.8739780076699,13.7863453341748,25.5613761584466,8.33360012572816,19.6184749654369
368,21.8678810374879,17.5338859308213,21.2408752350242,19.8544468476329,6.46697008309179,6.64236142888889,10.6234441728502,8.87112036024154,13.815550260628,25.6857031002415,8.3267871463285,19.6227483512077
369,21.8375352581553,17.5622540312621,21.2703156749029,19.8583283902913,6.44846187009709,6.64121792995146,10.6517135425243,8.85546248038835,13.8043002475243,25.7819871515534,8.30051814296116,19.650387526699
370,21.7772374570531,17.6438509465701,21.3298629442995,19.8600972354106,6.44736046661836,6.63329649859903,10.6607894049275,8.85540254125604,13.7943368541546,25.88447791,8.30107525004831,19.6814671406763
371,21.7490247108696,17.6889275630435,21.4030720265217,19.8597060286957,6.46175180695652,6.64734392304348,10.6852011873913,8.86057780086957,13.789874863913,25.9790802608696,8.28390386652174,19.709313426087
372,21.6941883631068,17.741556486068,21.489564064466,19.8994716417961,6.46164898436893,6.63670967718447,10.6904209657282,8.83437871364078,13.7469855496602,26.1076520084951,8.28659786300971,19.7575629235437
373,21.65873167,17.78692187,21.53202704,19.8671177,6.47174207,6.63968125,10.68237404,8.81299826,13.7390553,26.21583163,8.27699254,19.7951161
374,21.6432885023301,17.8521323896602,21.5718157768447,19.85588852,6.47710433291262,6.63723532985437,10.6795321523301,8.7984021942233,13.7370532809223,26.3177156233495,8.28060171995146,19.8188772611165
375,21.6047604552427,17.8902751193204,21.6080904601942,19.8671906763107,6.48469757436893,6.64838969504854,10.6784352935922,8.78779088398058,13.7546851202913,26.4040659432039,8.29017982970874,19.8595591259223
376,21.5765468930583,17.962367978932,21.6445394712621,19.8617738951456,6.5238472426699,6.67732029771845,10.6786053381553,8.84003112771845,13.8225367680097,26.471513389466,8.32270624373786,19.9317972080097
377,21.5654209396116,18.0435018988835,21.7111200510194,19.8770491711165,6.54033673873786,6.68914596174757,10.6979812769903,8.89641461024272,13.9160964828155,26.5452304086893,8.37387093752427,20.016032871699
378,21.4920033582039,18.0975984900971,21.7838601659223,19.8915041059709,6.53901450194175,6.72640888849515,10.7385495942233,8.94798784898058,14.0293427881068,26.5957884402427,8.42041165825243,20.1331275314078
379,21.4591369149029,18.1641544762621,21.8784134706311,19.9200427272816,6.55127741956311,6.72938970456311,10.7613779409223,9.01326151339806,14.0930378653884,26.7069872965534,8.45766752800971,20.2354802601942
380,21.4148574145146,18.213368213301,21.9739716064078,19.8823275954854,6.52111713786408,6.72915706213592,10.7633205209709,9.02869201912621,14.1222587581068,26.8244254325728,8.47055376325243,20.3292808259709
381,21.3579073000971,18.2538642660194,22.0527276466019,19.8773162298058,6.52156982786408,6.72859801262136,10.7716192575728,9.04198261281553,14.1030729243689,26.9530638200971,8.44438966106796,20.4110130793204
382,21.2838525584466,18.2973132696602,22.1182823217961,19.8822109042233,6.54144114179612,6.71372630305825,10.7333473713592,9.00294093320388,14.0658189485922,27.1045586020388,8.41231535179612,20.4841713946602
383,21.2430428759223,18.3389954895146,22.1896282685437,19.8884846932039,6.57498793116505,6.71131335466019,10.7406650490291,8.95058999825243,14.0228759678641,27.2020198435922,8.38867153456311,20.538180725534
384,21.1686318033981,18.3563808227184,22.2116040670874,19.8904790395146,6.58927490834952,6.68660177378641,10.7389475492233,8.90085858834951,13.9832802758252,27.2977541438835,8.3454168361165,20.5956165138835
385,21.1156230170732,18.3814979629268,22.2734950285366,19.8964497387805,6.61176239731707,6.69413726560976,10.7585263643902,8.84993229829268,13.986314125122,27.368853272439,8.34864742878049,20.6715766768293
386,21.1010221178537,18.4232734800976,22.3626094211219,19.9277796489756,6.61803158790244,6.73294416595122,10.800048439122,8.85863608278049,14.0357470632195,27.5031710308293,8.35515436185366,20.7276756847805
387,21.05728865,18.45644807,22.45257354,19.89999968,6.63024731,6.72815905,10.80894774,8.85814944,14.08391359,27.61316979,8.36034668,20.79821371
388,21.0258012535922,18.512236752233,22.5185302331068,19.8899949421359,6.62793958048544,6.73485055699029,10.8269711992233,8.84320087747573,14.156897065534,27.6835319806796,8.34132737281553,20.8824230423301
389,21.0208473780488,18.528067512439,22.5655609843902,19.877466835122,6.62603731146342,6.74123853073171,10.833422754878,8.85437329512195,14.206941127561,27.8351449831707,8.34411749414634,20.9704053895122
390,20.96378031,18.547449134,22.610299446,19.815779142,6.60859403,6.713273526,10.813984516,8.79188986,14.181689054,27.926930232,8.289621248,21.026883938
391,20.8919679434951,18.5880385763592,22.6961660020388,19.8113272433495,6.58930537509709,6.6843732015534,10.8118047220388,8.74184945281553,14.1686597915049,28.048927113835,8.23965262786408,21.0856112079126
392,20.798164962439,18.6326481034146,22.7778108597561,19.8098782456098,6.58749625463415,6.65240855780488,10.788665104878,8.64793526268293,14.1041044795122,28.2018036514634,8.17734760682927,21.1387509917073
393,20.7287657670244,18.667568730878,22.8800300313171,19.8257830449756,6.57658950039024,6.59634771004878,10.7651743217561,8.54638155531707,14.0047669190244,28.2878309060488,8.11534154848781,21.1641662041463
394,20.6663352857073,18.7196229046829,22.9595221790244,19.8589984794146,6.58454149034146,6.56435191819512,10.7904713865366,8.43956479863415,13.9440335830732,28.3847187030244,8.06811464390244,21.2137551946341
395,20.6131871638537,18.7202100569756,23.0076383269268,19.8267022217073,6.59277863760976,6.53771685760976,10.7889498007805,8.31408457385366,13.8651370000488,28.4776796284878,8.01415607848781,21.2638479865854
396,20.6079491259024,18.7518284497561,23.091053957561,19.8310421812195,6.601596164,6.52272404560976,10.7834717122439,8.2316460344878,13.8075830694146,28.5329312557073,7.96275227697561,21.2987347791707
397,20.5466550516098,18.760596989561,23.1426661126829,19.8045597170244,6.59499148331707,6.4808284275122,10.762937897122,8.12464673053659,13.7979444016098,28.6226297454146,7.90499929473171,21.3264536547317
398,20.508026172,18.811393852,23.210741194,19.775617242,6.596357092,6.453880428,10.75228787,8.07726462,13.805002608,28.705445918,7.875327034,21.380279984
399,20.4666803410244,18.8557274354634,23.2734958287805,19.7584830046829,6.6019438797561,6.43119257585366,10.7492688732195,8.03644510497561,13.8200698449268,28.7700012210244,7.84509760268293,21.4378120403902
400,20.4416197002439,18.8836457616098,23.3305840837073,19.7298470029268,6.61955038756098,6.40662510560976,10.7599428535122,8.0177004317561,13.8554578810244,28.8585244355122,7.83369180570732,21.5359918617073
401,20.4104793253659,18.940398894878,23.3925354390244,19.7390382234146,6.64102803512195,6.42681274463415,10.7709197902439,8.03462459658537,13.9052854090244,28.9463714209756,7.84329016853659,21.6274950626829
402,20.393865064902,18.9715058461765,23.4691809437255,19.7282370035294,6.64958797303922,6.43396262588235,10.7859660547059,8.04077498872549,13.9400045293137,29.0243722253922,7.86302042784314,21.7313256145098
403,20.3751520455122,18.9838546254634,23.568933390439,19.7371328909756,6.67419676258537,6.45127939795122,10.8270967623415,8.0570714222439,13.9971640651707,29.1191995113658,7.85966436053659,21.842745087561
404,20.2977263034146,19.0116825117073,23.6246990429268,19.7208296143902,6.67025608048781,6.42467033121951,10.8342658921951,8.05039097609756,14.0467621370732,29.2129900353659,7.85446623170732,21.9222191053659
405,20.2494472489756,19.0458056718537,23.6999873176585,19.7017547942439,6.6688085124878,6.42297010180488,10.8352260933659,8.03469916434146,14.0742333320488,29.3053334089268,7.83412387502439,22.021131332878
406,20.1715056248039,19.0673523198039,23.7776457173529,19.7002582316667,6.67574006245098,6.42933273210784,10.8546537519608,8.03364681431372,14.1298468509314,29.4217645631373,7.83377622279412,22.0922842033824
407,20.1144122191707,19.1039163643415,23.8291208823902,19.6961187920488,6.67461085585366,6.42065615980488,10.8388371906829,8.02829575009756,14.1552630144878,29.5202364912683,7.82107859380488,22.1916850838049
408,20.058554397561,19.1422956965854,23.8923545639024,19.7037980863415,6.67484885731707,6.43795181878049,10.8290840497561,8.02103750097561,14.1920773412195,29.6126470917073,7.80503402097561,22.2903251185366
409,20.0032204538725,19.1455808620588,23.9395259920098,19.691502427402,6.68909299823529,6.4214900277451,10.8174591477941,8.0470783497549,14.2149773945588,29.7062826655882,7.79424139921569,22.362272449902
410,19.94394581,19.1794386725,24.026489285,19.6932998,6.702108905,6.4111703375,10.8116055825,8.069901815,14.2565157125,29.804567905,7.7937885725,22.4688152825
411,19.8704786838235,19.1922556444118,24.0888690026471,19.6601876985294,6.70009638235294,6.41393835235294,10.7994765164706,8.06415360058824,14.2720646105882,29.8773281188235,7.78844825352941,22.5687792911765
412,19.8152162957353,19.2208209125,24.1452909598529,19.6463330925,6.71007505176471,6.41502319382353,10.8017735069118,8.07520505602941,14.3030087352941,29.9706131469118,7.81580866838235,22.6764767735294
413,19.7602172460784,19.2694396404902,24.2210400161765,19.6286026503431,6.71994813813725,6.43536231735294,10.8078294809804,8.08910708627451,14.34926082,30.0621382136274,7.83016384544118,22.7932105256863
414,19.7116318762745,19.3015998843137,24.25646698,19.6279268554902,6.71663522705882,6.46669665,10.8104855698039,8.09717324647059,14.3979423333333,30.1426190254902,7.83946725862745,22.8841130523529
415,19.6529260641176,19.3397755398039,24.3211640782353,19.619060347451,6.74828672529412,6.48147489215686,10.8256473639216,8.12221011647059,14.4729757723529,30.2308871496078,7.8531283027451,22.984269835098
416,19.6239557688235,19.3695613511765,24.3887466588235,19.6253473941176,6.76876091176471,6.48445637117647,10.8364227794118,8.15510279176471,14.5485483370588,30.3215275911765,7.87454918411765,23.08865444
417,19.6026165271078,19.3877111780392,24.4597701511765,19.6283231781373,6.78131321921569,6.50064340367647,10.8434892831863,8.17843164215686,14.6170864505392,30.3868907638235,7.89304437911765,23.1925108644118
418,19.5528239706863,19.4106497623529,24.5505654780392,19.6186143561765,6.80480028352941,6.50562108990196,10.8618582709804,8.21213894715686,14.6717310079412,30.4642150014706,7.9170160682353,23.2810504409804
419,19.5425089785294,19.4278342373529,24.6138789472059,19.6390088557353,6.82678061926471,6.53002068014706,10.8732532198529,8.26158438808824,14.7410908608824,30.5458177982353,7.93067728897059,23.3884977657353
420,19.5090358123529,19.4528471531373,24.6830602060784,19.6241470694118,6.82318808588235,6.53569335313726,10.8654091566667,8.29389363176471,14.7846481911765,30.6300957654902,7.93749510313726,23.4817100476471
421,19.4575111926601,19.4411455054187,24.7421163558621,19.6143019961576,6.82061337980296,6.54199867502463,10.8910366384236,8.31807368,14.8473698226108,30.7404175080788,7.94039626039409,23.5745305070443
422,19.4060072388177,19.4617800404926,24.8134463068473,19.595432272266,6.82106888931034,6.54346264901478,10.8810888802463,8.34157668901478,14.8995464585222,30.8232721468473,7.95660903773399,23.6593577321182
423,19.3448937512808,19.4978719573399,24.8806366975862,19.575597800936,6.83337790842365,6.58166603009852,10.8928280842857,8.38323073448276,14.9565695529557,30.9516848782759,7.99288840507389,23.7801647442857
424,19.3141796239901,19.5583776941379,24.9460261908374,19.579419382266,6.85913975886699,6.60682136881773,10.9428380564532,8.42774359059113,15.0290065305911,31.0574215487192,8.00555301497537,23.8852691028571
425,19.2546694368966,19.6314059105911,25.0210854362069,19.5859421992611,6.8873359670936,6.61610157009852,10.9493575054187,8.45357991576355,15.086390190197,31.1520839082266,8.02481618551724,23.9828638840887
426,19.2003680027094,19.6766931617734,25.0928336938916,19.5917352261084,6.91721978881773,6.6147782544335,10.9588187857143,8.49239006482759,15.127966963202,31.2567908884236,8.02190811906404,24.0610953661084
427,19.1572691699507,19.7227790222167,25.1518497142857,19.6091424679803,6.91745414423645,6.61613234270936,10.9674757658128,8.49552054862069,15.151151560936,31.3507155152709,7.99821983152709,24.1436021358621
428,19.1064616947059,19.7201549441176,25.2217696723529,19.5838442364706,6.91793397294118,6.59557401882353,10.9457260470588,8.46980639352941,15.1327426488235,31.4272000476471,7.98332915411765,24.1953177488235
429,19.0527580721569,19.7319224962745,25.2928919239216,19.5664485090196,6.92991144960784,6.57895347176471,10.9423523711765,8.46113552568628,15.1450154533333,31.5426940898039,7.95441904058824,24.2755842472549
430,19.0241327582353,19.7486106692157,25.3605466433333,19.5588149013725,6.93260383647059,6.5919174172549,10.9789855084314,8.4540603227451,15.1827489972549,31.635682195098,7.9334937345098,24.3704739411765
431,18.9714433471921,19.7836084007882,25.4098117726108,19.5511380904433,6.95278421103448,6.57788410916256,10.9841810928079,8.45291597472906,15.1820176138424,31.7639267115764,7.95729106133005,24.4584541769458
432,18.9136847377832,19.8174565652709,25.4601354559113,19.5189267361576,6.9650346155665,6.55006248399015,10.9869188551724,8.45269507940887,15.1911133915271,31.882600487931,7.94529898108374,24.5401896405911
433,18.8655774365517,19.8596904110345,25.4995586972414,19.5200766458621,6.97850483448276,6.54991488068965,11.0040988224138,8.45694793517241,15.2308054493103,31.9950358424138,7.95759122344828,24.6470011289655
434,18.8300070910345,19.8913324571429,25.5856244984729,19.5472612668966,6.99422232753694,6.54460247064039,11.00446006,8.44925754389162,15.24642432133,32.0963306624138,7.96048752758621,24.696352935665
435,18.7792196371287,19.9174753954455,25.6478316445545,19.5516921861386,7.02019196544554,6.5444381439604,11.0007866750495,8.46408728940594,15.2941050626733,32.2195849223762,7.93576348673267,24.7730925124752
436,18.7277734836453,19.9367980026601,25.7464549187192,19.5758201307882,7.02648858300493,6.54917522231527,11.0170186130542,8.47330293847291,15.3171027933498,32.3113058809852,7.92031961448276,24.8507972293596
437,18.6689114464039,19.9474465687685,25.8163590099507,19.5914117357143,7.0308641729064,6.56038904990148,11.024443297931,8.48286259596059,15.3409098974877,32.4264997413793,7.91710759778325,24.9148835503941
438,18.6286675413861,19.9717987470792,25.9076281044059,19.6040261962871,7.06246909564357,6.57243790831683,11.0358691719802,8.51817859787129,15.3736010148515,32.5121537566832,7.93708616965347,24.9868976178218
439,18.5736722551232,19.9867520574384,25.9600601859606,19.5815093093596,7.06436311231527,6.57122259433498,11.0363604333005,8.53046126847291,15.4004746080788,32.6035432015271,7.94887839019704,25.063286022266
440,18.5477717055172,20.0304226075862,26.0169407048276,19.5584804675862,7.09356386862069,6.57472259965517,11.03739471,8.55213580344827,15.4299338903448,32.6993138886207,7.9553975762069,25.1283095193103
441,18.5053391079208,20.0550694024752,26.077891419505,19.5702934230693,7.11402546425743,6.57595422267327,11.0383679310891,8.57765003910891,15.4576821742574,32.7873810838614,7.95726006950495,25.2001069484158
442,18.4850448745813,20.1033787093103,26.0966046771921,19.5703054791133,7.13810853783251,6.57540155280788,11.0478601155665,8.59046876142857,15.4817038524631,32.8787807368473,7.96789980566502,25.2971634845813
443,18.4462871572906,20.1569248147291,26.147122286798,19.6045786496059,7.16055495330049,6.59776751364532,11.0673795097537,8.60374270019704,15.5176601703941,32.9650332400985,7.97411515507389,25.3690949778325
444,18.4128403910345,20.1763995086207,26.1834493417241,19.6051467465517,7.17785499344828,6.59403720862069,11.0702819003448,8.61798245482759,15.5450657751724,33.0267506613793,7.99694224068965,25.4343237624138
445,18.3815805368317,20.1937921827723,26.1980049843564,19.6000411381188,7.21040180643564,6.62460892762376,11.0894193030693,8.6465488839604,15.6034079130693,33.114239569703,8.03077049534654,25.5313218040594
446,18.3431469877833,20.2001374265517,26.2663517827094,19.5810154460591,7.24028519581281,6.63886714182266,11.1075277696552,8.69678200586207,15.6505481553695,33.1934098996059,8.04739882399015,25.6109348579803
447,18.2917487572906,20.1829379363054,26.2856068727094,19.5468507493103,7.25686053142857,6.62712429241379,11.0887039902956,8.72532573926108,15.6563298610837,33.2452954423645,8.05214835517241,25.6893296897044
448,18.2468879342574,20.1861141297525,26.3294746743564,19.5508508986139,7.28239124282178,6.63149454064356,11.114257334505,8.75767589925743,15.700049320099,33.3111604186634,8.05161095742574,25.781226245297
449,18.1977166791089,20.2036092585149,26.4098806820792,19.5516381690099,7.28029708990099,6.63073379584158,11.1231824170297,8.78571138712871,15.7364597028713,33.3786265342574,8.0498201659406,25.8261811178218
450,18.1437351484158,20.2163976711881,26.4229854723762,19.5611397858416,7.28880571069307,6.62224380425743,11.1265770483168,8.79470587178218,15.7352104882178,33.4233367527723,8.03492442831683,25.8762854392079
451,18.0960692760199,20.2257109024378,26.4196908131841,19.5480177520896,7.28653496711443,6.61279113890547,11.1461102169652,8.81627051830846,15.7506180928358,33.4713623420398,8.05406552393035,25.9302811799005
452,18.0772599727723,20.2563865375248,26.4715640959406,19.5483608760891,7.29790491985148,6.62769223074257,11.1616558185149,8.84355313168317,15.7498008207921,33.5154730627228,8.05622210876238,25.9769454650495
453,18.0173674122772,20.2692915136634,26.471240449901,19.5522315269307,7.31114444376238,6.61894420554455,11.1436200683168,8.84626237891089,15.7654996380198,33.583310329901,8.05301261019802,26.0484850350495
454,17.9471885757214,20.2456380393035,26.4893489808955,19.5571400636816,7.31455323885572,6.60240807199005,11.1456159318408,8.86179633,15.7929653788557,33.6468355916418,8.06747942965174,26.1211231206965
455,17.894042520198,20.2521330194059,26.5393314076238,19.5598328961386,7.32754529,6.60145433475248,11.1521309326733,8.88359543990099,15.8127309745545,33.6931891620792,8.05929524277228,26.1694595163366
456,17.7971870469652,20.25318624,26.5639271843781,19.5447776759204,7.34778419228856,6.5931236721393,11.1565661772637,8.89939110920398,15.8293905854229,33.7103716793532,8.05690604751244,26.1891273933333
457,17.7795015677723,20.2563058427723,26.5909570483168,19.5503242139109,7.35813393806931,6.59004072371287,11.1872096200495,8.93557989391089,15.8555660166337,33.7396969844554,8.06296833613861,26.2631448630693
458,17.7616673423881,20.2885485701493,26.6361046829851,19.5521762316915,7.38978393726368,6.60185410666667,11.1942943041791,8.95489472577114,15.8579059412935,33.7622482277114,8.07805614820895,26.2975870658209
459,17.7268977067327,20.2984832418812,26.6611057378218,19.556077819802,7.40831961069307,6.62869948940594,11.2151606470297,8.98300121653465,15.8898322766337,33.8061779157426,8.09031067079208,26.3445726335644
460,17.7037105475622,20.2981689748756,26.703424928607,19.5587860899005,7.43179012522388,6.63416666731343,11.2212199169154,8.99669214935323,15.9165527822388,33.8923648412438,8.10922191417911,26.4219866950249
461,17.6464826068657,20.3068177185075,26.7154227789552,19.5396654422388,7.44296525014925,6.63308017328358,11.2119020146269,9.02018634686567,15.9511223964179,33.9474234949254,8.11997174164179,26.4514839443284
462,17.6071080422388,20.3035431680597,26.7374601508955,19.5456165267164,7.4461516658209,6.64903667298507,11.2227167467164,9.06540612014925,15.9900746689552,34.0161418056716,8.13374145507463,26.5313344973134
463,17.559741940995,20.3045344257711,26.7621767323383,19.544613011592,7.46472300835821,6.64416498656716,11.2267689787065,9.10126687552239,16.0179647260199,34.0771561179602,8.13703187343284,26.5819329025373
464,17.4984780846766,20.3033816102488,26.764372378607,19.5639740730348,7.47537336626866,6.64369052472637,11.2316307720896,9.13351713537313,16.0431235654229,34.0953694928856,8.1448281541791,26.6125303525871
465,17.4595580395545,20.2985119305941,26.7988853496535,19.5912934813366,7.4805123080198,6.65612984935644,11.2440392257921,9.15705274841584,16.0312443408911,34.1302071291089,8.15306008049505,26.650305369505
466,17.4140045898507,20.2883341058209,26.8349869056716,19.5970569159701,7.49815993358209,6.64620916656716,11.2533983167164,9.15286908701493,16.0293765643284,34.1674471923881,8.15378487134328,26.6886493843284
467,17.3755274650249,20.2866086262687,26.8734037652736,19.619514598806,7.51985423323383,6.65475417756219,11.2477383516915,9.16916061890547,16.0456890002488,34.2206457445771,8.15427663477612,26.7367594559204
468,17.355066370199,20.2913825761692,26.9259639839801,19.6295131663184,7.52838325298507,6.65292927920398,11.2519744493532,9.18668640701493,16.0385375148259,34.2563980256219,8.16269695537313,26.7841208614428
469,17.3349291918905,20.3108260442289,26.9887549746269,19.6431970616418,7.54755396825871,6.64682398149254,11.2690723416915,9.19616981945274,16.0512658526368,34.2863355618905,8.15743375199005,26.8362423462189
470,17.2961124255721,20.3264993264179,27.0377266864677,19.6644261009453,7.5698408339801,6.64874940323383,11.2720260946269,9.22000774910448,16.0645339110448,34.3053946139801,8.16392075144279,26.8757735902985
471,17.2590189132,20.3272291624,27.0724185564,19.67626362,7.5864858708,6.647423324,11.2997304488,9.2288185856,16.088710822,34.3184318672,8.1704115252,26.9079637532
472,17.2203115939303,20.3552043115423,27.1006057895025,19.7004833612935,7.60842403248756,6.63826201179104,11.3067613498507,9.24754789019901,16.1110908534826,34.3709772457214,8.17234527975124,26.9745052430846
473,17.18843612435,20.3644306988,27.13705683925,19.7294277463,7.62206631615,6.6456453609,11.32130314695,9.2749698136,16.13655839505,34.4165635263,8.19351512005,27.02937692175
474,17.1533152343,20.3706730733,27.1613208905,19.7635907649,7.6517990241,6.6549974161,11.346640291,9.3158386762,16.1677088906,34.4908541328,8.2164506315,27.1156413509
475,17.15021835,20.39244446625,27.2096195775,19.80395086375,7.6731810175,6.65898198875,11.36556525,9.358275245,16.1912109425,34.55488538375,8.22768593875,27.193901555
476,17.13073722365,20.38331489045,27.26404734795,19.8318586641,7.686776563,6.6678993761,11.40173764275,9.38582469065,16.21417589345,34.58183553085,8.24562004225,27.25251121695
477,17.114680481592,20.4013507511443,27.3045545877612,19.8821283460697,7.72179499825871,6.67630300800995,11.448521819403,9.42744524223881,16.2598295564677,34.6554901314925,8.2733509838806,27.3337146616418
478,17.10072027875,20.3887982112,27.33091854845,19.90829084775,7.7459884953,6.6775661848,11.47053427405,9.4611181452,16.2837047676,34.69022267195,8.2895731462,27.40024793765
479,17.0720247269,20.37672803395,27.3441820451,19.92457123885,7.7716285415,6.6783301665,11.50777995555,9.5064307284,16.3110434682,34.7356179375,8.31990574525,27.44589312825
480,17.048060743,20.3866803436,27.3691620641,19.9518462174,7.803714216,6.6922102115,11.5310893028,9.5531262722,16.3422705075,34.7708735491,8.3340027677,27.5195799715
481,17.01159498275,20.37295783925,27.391605788,19.96291519375,7.82518045975,6.682653279,11.545656178,9.59135824275,16.35527413525,34.815644119,8.347843622,27.56434378325
482,16.9871951377114,20.3924847871642,27.4514437425871,19.9877432226866,7.85258783452736,6.68450183358209,11.5701797281592,9.62942282716418,16.3831339244279,34.8414322963682,8.3695438080597,27.6167667334328
483,16.956708696,20.3972444912,27.5006610192,20.0203823488,7.88031709,6.703570018,11.5964176144,9.6604331548,16.4155376404,34.8645093336,8.3895351996,27.6740387524
484,16.9190015096,20.3834362152,27.5383772956,20.039495134,7.8969754508,6.7033911848,11.6139911436,9.6813422836,16.4521328448,34.9016947408,8.40749251,27.7300845608
485,16.8946823442211,20.3850975588442,27.5755140313568,20.0911859996985,7.92104794924623,6.71035648045226,11.6390517464824,9.71908707889447,16.4788724539698,34.9207037453266,8.42145902834171,27.7743913157789
486,16.882733557,20.38271264625,27.60988069025,20.1295590905,7.94923662425,6.716867944,11.6599657855,9.75562159925,16.507231129,34.97364658825,8.455229595,27.83143865775
487,16.8493016713,20.3886392588,27.6545134199,20.1476300078,7.9814226687,6.7179688855,11.6834053809,9.7990819665,16.5162061059,35.0218418844,8.4816224147,27.8903918845
488,16.82803190145,20.4104053132,27.71153198955,20.18357478665,8.01374629615,6.72491227815,11.70376807705,9.85471690215,16.54526812015,35.0839557938,8.5143932512,27.9605342363
489,16.81534287345,20.42305759535,27.7753051067,20.20516269235,8.05356185375,6.74169322465,11.7255164144,9.89625759235,16.5686838529,35.12956082595,8.54368077945,28.04249925715
490,16.763979618191,20.433328271809,27.8164559509548,20.2128289252764,8.09650038613065,6.75894455035176,11.7486073376884,9.94616824658291,16.6066617828643,35.191893389397,8.55995134869347,28.1084241337186
491,16.74755904,20.4317025946231,27.8602918231658,20.2557996734673,8.14989683251256,6.77345075135678,11.7820749374372,9.99969065417085,16.6481156766834,35.2384442150754,8.57558556472362,28.1743955469849
492,16.71643671875,20.4061286625,27.8728533925,20.27799371125,8.1920640225,6.78738876375,11.79688652125,10.0384619825,16.6779183575,35.2736194725,8.59304983625,28.225769385
493,16.6602999935,20.3932112168,27.8989490671,20.2905744687,8.238407102,6.7965915975,11.8211425375,10.0834512778,16.7160096323,35.2956827702,8.6122761526,28.2773924406
494,16.6238356051,20.3786537769,27.91258363735,20.31377216695,8.28062457905,6.8069698554,11.8359148698,10.1362228689,16.74776595315,35.3335919074,8.645451542,28.32241985255
495,16.5619136579397,20.349650531608,27.9361882184925,20.3029886956281,8.31818822125628,6.81756815522613,11.8442950348241,10.180655509397,16.7702748520603,35.3483189764322,8.67255180366834,28.3321073042211
496,16.5163705456,20.3231071404,27.9630841164,20.3001521996,8.3637768908,6.821866814,11.853204524,10.2204971768,16.8067466964,35.3675415692,8.6956774056,28.354262838
497,16.4743081206,20.2987548974,27.9692705914,20.306457371,8.4160856572,6.8363781912,11.864844802,10.2725383742,16.8508541048,35.4222668346,8.7362938374,28.391895641
498,16.4246726622111,20.2672237441206,28.0219089180402,20.3188925757789,8.48477376211055,6.84490821236181,11.8912567863317,10.3105748758291,16.8785946359296,35.4552172885427,8.75858274035176,28.4353378755779
499,16.387384351407,20.2477820134673,28.0557575049749,20.3386918606533,8.54873590854272,6.85639330035176,11.9092650682412,10.3553583065327,16.9139703363317,35.4966895667839,8.78509181829146,28.5002602101508
500,16.3341753127638,20.2495178561809,28.1079206160301,20.3655971432161,8.62200557582915,6.86119349261307,11.9205846056281,10.4064633506533,16.9464854558291,35.548663608593,8.82265380180904,28.5548631036683
501,16.2847517566667,20.2357896977778,28.1619233633333,20.4000025888889,8.70057166444444,6.87340862555556,11.9460789866667,10.4501511788889,16.9860692344444,35.5863207055556,8.85407659222222,28.5932320522222
502,16.2458778971357,20.2319582155276,28.1926921133166,20.4349620710553,8.77268203427136,6.89156881090452,11.9716904492965,10.5133481343719,17.0342493611055,35.6381584069347,8.90509076306532,28.6538394154271
503,16.190600541407,20.2196212168844,28.2071823208543,20.4776041656784,8.84921751829146,6.90677358271357,11.9976719965327,10.5809055188442,17.0801069182915,35.6757707308543,8.94970825653266,28.7262876016583
504,16.1556597163819,20.2111153545729,28.2258318010553,20.5229746854774,8.93252433025126,6.91866764075377,12.0337663940704,10.6561809946231,17.129719139598,35.7369082461307,9.00159556658291,28.7935147669347
505,16.1155734351515,20.1850267953535,28.2527060141414,20.5677773450505,9.01476223595959,6.93195690212121,12.0735555949495,10.7342500527273,17.1686129759596,35.796268760202,9.0454117359596,28.8712394970707
506,16.0690566297487,20.1618623676884,28.2896889805025,20.6096197775377,9.10096156658292,6.94293080557789,12.1224520542211,10.8127973611055,17.2055604966834,35.8458131057286,9.09132738211055,28.9342106578392
507,16.03283186,20.1308324706061,28.328495809798,20.6728891064646,9.19573483050505,6.95340325191919,12.1752419519192,10.8949847140404,17.2653336633333,35.8957287017172,9.14041603080808,28.9988373253535
508,15.9717376912626,20.0832035608586,28.3554012232323,20.7156830004545,9.28662410737374,6.96431440813131,12.2259935449495,10.9736677986364,17.3147653155556,35.9181646863636,9.18154965414141,29.0766381051515
509,15.9174096512121,20.0356363324747,28.3656678180808,20.7588553961111,9.36879977757576,6.97462871343434,12.2721689627778,11.0606904719192,17.3629838193939,35.9499780375758,9.24040748040404,29.1427362658586
510,15.8577979613636,20.0021939963636,28.3835004713636,20.8186529527273,9.45974208272727,6.97848003636364,12.3147051004545,11.1542040931818,17.4153540859091,35.9874638527273,9.30516253818182,29.222123715
511,15.7905574767172,19.9616631139394,28.3999966179293,20.871474315,9.55898595338384,6.98318269025252,12.3656603472222,11.2246126623737,17.4774727836869,36.0275342507071,9.37587916575758,29.2931962960606
512,15.7479601094949,19.9370539052525,28.4247506393939,20.938206359495,9.65196373282828,6.99824083424242,12.430843880404,11.3208962987879,17.5381439346465,36.0857420322222,9.46491790060606,29.3666744122222
513,15.700983884596,19.9233700014141,28.4628793723232,21.0288344444444,9.76631123262627,7.00151165934343,12.5082465713636,11.3950358136869,17.6159967409596,36.1538809218182,9.54875265,29.4538646910606
514,15.6493018821212,19.8894733351515,28.4861188144444,21.1293330628283,9.89499211323233,7.0250281330303,12.586512300303,11.4995424946465,17.6944852038384,36.209095879495,9.64269988303031,29.5529889154545
515,15.59987404,19.8691621,28.5185889009091,21.2463140518182,10.0031387081818,7.03015959,12.6687658045455,11.6075608290909,17.7572116654545,36.2617089118182,9.73287139272728,29.6371276954545
516,15.5603701509091,19.8700747521212,28.579085209495,21.3808016217172,10.1272518159596,7.05568555868687,12.755920650303,11.7080820275758,17.832079520404,36.3165171645455,9.82554514868687,29.7478319762626
517,15.5184993376768,19.8546736494949,28.6223825356566,21.5331184219192,10.2463476485859,7.07237514949495,12.8386511224242,11.8244005643434,17.9041634543434,36.3991666715152,9.93070687050505,29.8378339490909
518,15.4838281684264,19.86007928,28.6944251052792,21.6804922201523,10.3595564154315,7.09185975553299,12.9379123514213,11.934576845736,17.9918551759391,36.4774314788832,10.0242217080711,29.9410774151777
519,15.4382322786802,19.84619147,28.7284292525381,21.8248269588832,10.4749424858883,7.11711713253807,13.047235140203,12.041213634264,18.0888778265482,36.5464110471574,10.1277083788832,30.0258337553807
520,15.3804935754545,19.817890865101,28.7751579195455,21.9662199305051,10.5844219961616,7.13605139257576,13.1563707293939,12.1561288657576,18.1820856424747,36.6261827874747,10.2438952375758,30.1204065723737
521,15.3285165186869,19.7938186635354,28.8069318361616,22.1033991022222,10.6923873919192,7.14254076979798,13.2677238176768,12.2703666713131,18.2842191814141,36.6697742221212,10.3547576413131,30.2101049369697
522,15.272748519899,19.7668742769697,28.8467919452525,22.2610933653535,10.7998916371717,7.16224627090909,13.3902945684848,12.3868131293939,18.3740033571717,36.7321231909091,10.4687904169697,30.2807113374747
523,15.2303513814141,19.7487646191919,28.8998636345455,22.4294342583838,10.9090825788889,7.17936531808081,13.5264302178788,12.4985710916162,18.4598038740404,36.7908262858586,10.6056742605051,30.3836344180808
524,15.1880972440101,19.7291127011168,28.9308635840609,22.6005465484264,11.0180471717767,7.19183733162437,13.6778723605584,12.6073760846701,18.5487875619289,36.8428909720305,10.7300960651777,30.4587856379188
525,15.1334240676142,19.6983723704569,28.9686142224873,22.7868270141117,11.1263073962437,7.21286027857868,13.8337545483756,12.7156360266497,18.6382552965482,36.9373344942132,10.8628864684264,30.5497061681726
526,15.0775186128426,19.658148811066,28.981481647868,22.9625381592386,11.2324998755838,7.23604474309645,13.9987188140102,12.8267569936041,18.7392977661929,36.9901698622335,11.0131082603553,30.634191524264
527,15.0190425413706,19.6162004972081,28.9902222565482,23.1568089363452,11.3399788608629,7.25745375847716,14.1693926193909,12.9440574178173,18.8140551104061,37.0514392055838,11.1573944536548,30.7180007121827
528,14.9621183873737,19.5822253841414,29.0224617150505,23.3431351572727,11.4369755421212,7.27882648454545,14.3492121107071,13.0771109721212,18.9078080465657,37.1008371445455,11.2961399923232,30.7998965581818
529,14.91336257,19.5535147836364,29.047922619697,23.5325748933333,11.5391422151515,7.28890609969697,14.5556586390909,13.2001350563636,19.0075151,37.1311939784849,11.4441566878788,30.8990770248485
530,14.8632764200508,19.5137993527919,29.0841711001523,23.7176739736548,11.6265561371574,7.29364596781726,14.7584339372589,13.3113378595432,19.0805309665482,37.1672444032995,11.5950027120305,30.9972064025381
531,14.8121111700508,19.4988302129949,29.1215860047208,23.9149509215229,11.7205916085279,7.30321020725888,14.969559977665,13.4348845246193,19.1718983955838,37.2324306097969,11.7555341664467,31.089971126802
532,14.7690172604061,19.4637748675635,29.1355365602538,24.1257611322843,11.8179038674619,7.32930511441624,15.1974648967005,13.554135754467,19.2596292676142,37.293854578731,11.9361712252792,31.1787275821827
533,14.7154993114213,19.4288346627411,29.148137787665,24.331516555533,11.9080438554822,7.34798483467005,15.4424540007107,13.6870777822335,19.3406464245178,37.3460428777665,12.1221933391878,31.2581139061929
534,14.672923604467,19.4038578664975,29.1710778026904,24.5626330807107,12.0077111103553,7.38292754558375,15.6865166974112,13.8212699582233,19.4406979413706,37.391076852335,12.3093477340609,31.3255707089848
535,14.6293816886294,19.3621183053299,29.1773236352284,24.7786395328934,12.1026355009645,7.4015490106599,15.93153149533,13.9290469749239,19.5330672959391,37.4397147341117,12.4921123260914,31.4147504006091
536,14.5727649940816,19.3019055206122,29.1980839934694,24.9892644965306,12.1918414555102,7.41415022632653,16.1771577957143,14.0397516536735,19.6262288759184,37.4686438385714,12.6916525026531,31.510401867551
537,14.5071316016244,19.2592264935533,29.2269551487817,25.2052977267005,12.2830987635533,7.43354716380711,16.4347800486295,14.1498357283249,19.7028112673604,37.5176456380203,12.8849192577665,31.6014070021827
538,14.4494710191371,19.1941050592893,29.2223258248223,25.3994775598477,12.3618773133503,7.43196796025381,16.7087404044162,14.2668557957868,19.7888327382234,37.5607418879188,13.092553120203,31.6908377347716
539,14.3873794875,19.141789695,29.24248013,25.6130946225,12.4393225375,7.44192713,16.99474138,14.38991151,19.8628189375,37.59212516,13.302916605,31.7501017125
540,14.3290672052792,19.1195470290863,29.2602425702538,25.8377322835533,12.5256357601015,7.44888582522843,17.2873372612183,14.5031107786802,19.9232719656853,37.6330205283249,13.5033370545178,31.7933053781726
541,14.2812547905076,19.081145321066,29.2741689471574,26.0930346348223,12.6193329986802,7.46135808538071,17.5675276208122,14.6268661913198,20.0216511894416,37.6792920447208,13.7176722605584,31.8781139644162
542,14.2434202995408,19.0733769523469,29.317141469949,26.3464070854082,12.7170591720408,7.49363966704082,17.8691472432653,14.7497761370408,20.0970083028571,37.7407034138265,13.9368076403571,31.9557020568367
543,14.2222402673096,19.0381268570051,29.3684682961421,26.6000193240102,12.8154384219289,7.51963457913706,18.1898010003553,14.8759517603553,20.1878811590355,37.8015201677665,14.151196847868,32.0678580424873
544,14.1838633712183,18.9939490903046,29.3800926811675,26.8432392430457,12.9072265118782,7.53885694807107,18.5050530256853,15.0131148359391,20.2737512646193,37.8376313320305,14.3704763685787,32.1408939258883
545,14.1427953221429,18.9583480736735,29.3942680806122,27.0670748913265,12.9986738480612,7.55400899877551,18.8328634334694,15.131270814898,20.3398165507143,37.8865691807143,14.6034640663265,32.2243316827551
546,14.0956100795918,18.9180896898469,29.4046521960714,27.2860364120918,13.0866287587245,7.55433973872449,19.1417881011735,15.2466500267857,20.3821544808673,37.9178576375,14.8190097244388,32.2733045294898
547,14.0435613817857,18.8741272081633,29.4147442728061,27.4973075139796,13.1727087140816,7.55409751821429,19.4483687635714,15.353508970102,20.4337941443367,37.9193536487755,15.0415886527041,32.3259434152551
548,14.0031144728571,18.8452392980612,29.4437772829592,27.7171356211225,13.2557446572449,7.55664282581633,19.7578552361225,15.458855024898,20.4847915213265,37.961359225,15.2710603763265,32.4259311566327
549,13.958561048,18.8046785397949,29.462889486,27.9572985711282,13.3473767793333,7.56810214174359,20.087016164718,15.5860511718462,20.5299748330256,37.9994828241538,15.495788816359,32.5012571450769
550,13.9206080879487,18.7520218038462,29.4946079994359,28.2102255132308,13.4340074977949,7.58571614082051,20.4220033011795,15.6964250811795,20.6075402666667,38.0141614010256,15.7182333413333,32.575655318
551,13.8912534246939,18.7082460065306,29.5067178009184,28.4384506629592,13.5244925994898,7.60508120831633,20.7490379010204,15.8135424391837,20.6836449293367,38.0760083489286,15.9711286580102,32.6706802743878
552,13.8472156786225,18.6573430772959,29.5111287002041,28.6516663293367,13.616031762551,7.61878213918367,21.0921625521428,15.9278640097959,20.7607245852551,38.1155488938265,16.2058184188265,32.7390367198469
553,13.8146876329082,18.6009906046429,29.52143707,28.8605736405612,13.6900940265816,7.63019584239796,21.4191587373469,16.0071034728061,20.8243958055612,38.1223077095408,16.4365486304592,32.7813566929592
554,13.772311772602,18.5734338258673,29.5345154015816,29.0780237066326,13.7701361244388,7.63555713045918,21.7558862594388,16.1259620610204,20.8636479167347,38.1832935229082,16.680249617602,32.8633992879082
555,13.7231278693878,18.5313168928571,29.5338299371429,29.3100763589796,13.8370687797959,7.64634081744898,22.0757479094898,16.2299257765306,20.8939166455102,38.1966499556122,16.905959639898,32.9355458437755
556,13.6774215380612,18.4782591635714,29.5419976592347,29.542796512551,13.888637842551,7.64866320612245,22.4191182766326,16.3238457878571,20.9123332604082,38.2240535328061,17.1279003327041,32.9940800194388
557,13.6329556869744,18.4450861954359,29.5704625653333,29.7941658796923,13.9546334486154,7.65620445364103,22.7510977281026,16.4403311668205,20.956901176,38.2784909142564,17.3656685043077,33.0668899211795
558,13.5766092603077,18.3897592115385,29.5937070073846,30.0068795735385,14.0042156396923,7.65895122523077,23.0757775736923,16.5378768233846,20.9885288289231,38.2932633667692,17.6052249701538,33.0900200303077
559,13.5335664236923,18.3579934426154,29.6183121373846,30.2251171993846,14.0639514926154,7.662075718,23.41375645,16.6472486736923,21.0220659370769,38.3434538664615,17.8372841849231,33.1287163446154
560,13.4930145975385,18.3289840779487,29.6441486378462,30.4493865310769,14.1235131449231,7.67845172882051,23.7274630859487,16.7409325425641,21.0758449860513,38.4038921019487,18.0744210555897,33.1662183166667
561,13.4426441092308,18.2916804474359,29.6546671825641,30.6395576230769,14.1536547771795,7.6987290674359,24.0466406748718,16.8203081758974,21.0957149415385,38.4707277138462,18.329734585641,33.2005487858974
562,13.4147670682051,18.2523944023077,29.6356879110256,30.8507668097436,14.1957973033333,7.73262143461538,24.3559571928205,16.9151700735897,21.1539257184615,38.566527775641,18.5928943930769,33.2715946907692
563,13.3788092049231,18.2182219677949,29.6557016192308,31.0660323693846,14.2310658102051,7.7456109448718,24.6683567286154,16.9898808983077,21.1857995877949,38.6353363555385,18.8452888442051,33.2918703544103
564,13.3503048435052,18.1807825563918,29.6683741729897,31.286898473299,14.2735534239175,7.75034588515464,24.9715153713918,17.0966534263918,21.2076693126804,38.7155414615464,19.116677361701,33.3322703951546
565,13.338568912732,18.1410763945361,29.6962055654639,31.5143857185567,14.3291436528351,7.75967987417526,25.2614131743814,17.2076015311856,21.2437449902577,38.7771045748454,19.3579867677835,33.3752220754639
566,13.2930203111282,18.1086946758974,29.7183234649231,31.7381279964102,14.3660676087179,7.76646114794872,25.585812698,17.2977058826154,21.2585830326154,38.8427100689744,19.6123058468205,33.3973476784103
567,13.2615694336082,18.0657379918557,29.7395957819588,31.9453562086598,14.40588877,7.79170235237113,25.8921470495876,17.3837658857732,21.2684378949485,38.935859484433,19.873679997732,33.4263448019588
568,13.215617584,18.0130801346667,29.7663633953333,32.1671915546667,14.4202612706667,7.81599886133333,26.21632632,17.4701946346667,21.3141152733333,38.9916700826667,20.1387065273333,33.500563558
569,13.1663221578351,17.9722313137113,29.7539604330928,32.3644128971134,14.4397675779381,7.8299013971134,26.5720889298969,17.5515022115464,21.3203368852577,39.0821985604124,20.400720506701,33.533651945567
570,13.1465448266154,17.9344112501538,29.7646941732821,32.5737832326154,14.4667377906154,7.83572832569231,26.8903998171795,17.6268559360513,21.3306074856923,39.1384758966667,20.6588878841538,33.6021577612308
571,13.1151010021649,17.8895975050515,29.7651105318557,32.7929176357732,14.4989861665979,7.83771730927835,27.2201728730928,17.7090873914433,21.3485465468041,39.1758147885567,20.8973683124742,33.6666771249485
572,13.0709684812371,17.8367573073196,29.7638351835052,32.9855746427835,14.5354259742268,7.8294614157732,27.5449581571134,17.785730183299,21.3543567582474,39.2289592320619,21.1370407305155,33.7161587789691
573,13.0503937971134,17.8096012071134,29.7937526843814,33.2336532505155,14.5604367980928,7.83062765752577,27.873291859433,17.8792983884021,21.3892206116495,39.2955998975773,21.3960431597938,33.7800546596392
574,13.0182608657732,17.749079817835,29.8105822682474,33.4536973847423,14.5957619657732,7.82293571391753,28.2037773349485,17.9837236506186,21.4123813624742,39.36374343,21.6554909768041,33.8289715025773
575,12.9855415864433,17.7097205345361,29.8440750436082,33.6879710297423,14.6261014497938,7.8208314472165,28.5639578380413,18.0914090809794,21.4374722565464,39.4423466989175,21.9422525234536,33.8989173709794
576,12.9640437485052,17.6967964207732,29.878251945567,33.939635571134,14.6630440671134,7.83591285237113,28.9392459052062,18.1943202573711,21.4579493062887,39.5364540995876,22.1929645392268,33.9599068275773
577,12.9347345658247,17.6429373457216,29.9058178057732,34.1266725043814,14.7126532593299,7.85268501221649,29.288773002732,18.2827200798969,21.4808678286083,39.6297483571649,22.459287243299,34.038876138299
578,12.9091653145361,17.619509697835,29.9530476471134,34.3620938585567,14.7503740116495,7.87358776577319,29.6706120758763,18.3791213362887,21.5096523454639,39.6978542059794,22.7015890501031,34.0957655069072
579,12.8838444259794,17.5767325972165,29.9826108541753,34.6028765601031,14.7842653052062,7.87879549097938,30.0215936942268,18.4677936467526,21.5214370992268,39.8037564152577,22.932801106134,34.1565936517526
580,12.8541853205155,17.5302349227835,29.9901801963918,34.8169043374227,14.8130914952577,7.87845929597938,30.3550390341237,18.5404224210309,21.5251374190722,39.8861258847423,23.1948423691753,34.1747483385567
581,12.8196465818557,17.4883427027835,30.0303366824742,35.0524208110309,14.8324250146392,7.90261735742268,30.705720518866,18.6394478186598,21.5352962761856,39.9388121598969,23.4351100729897,34.193485716701
582,12.7853482393782,17.4532225889637,30.0627024782902,35.2652636662694,14.8556872044041,7.90873238487047,31.0179969104145,18.7259743482383,21.545211814456,40.0001265140933,23.7069580005699,34.2151398255959
583,12.7314942769072,17.4279147525773,30.1028003736082,35.4231493648454,14.8575677559794,7.92271989092784,31.3075525048454,18.7915994473196,21.5626011120619,40.060488627732,24.0033752612371,34.2092086976289
584,12.7108469030052,17.405302114456,30.1817034501554,35.6159455123316,14.8759835421762,7.94070301036269,31.6362460189637,18.8576400250259,21.593061402228,40.1265864739378,24.294564079171,34.2204791146114
585,12.6613497061658,17.3805150343005,30.2433055702591,35.8306836606736,14.8863839946632,7.93526606751295,31.9773405823316,18.9082592084974,21.6199453832642,40.2171774573575,24.5783749858031,34.2216243279275
586,12.6067955250777,17.341559466114,30.3197771263731,36.0420587292228,14.9053612794301,7.96697893253886,32.3379642353368,18.9758778746114,21.6368387391192,40.3231762151295,24.8523128617098,34.2147058592228
587,12.5795288657732,17.2919204374742,30.3863200730928,36.2877019510825,14.9317330121134,7.98479034118557,32.7298098635051,19.0874799158763,21.6638238711856,40.401789406701,25.1326651696392,34.2234143185567
588,12.5180436763402,17.22188086,30.4310664017526,36.5048781038144,14.9618532758247,8.01514975350515,33.1123618202062,19.1902747051546,21.6752502823196,40.5038327221649,25.4103549927319,34.2522382203608
589,12.4913012711917,17.1663065448187,30.471080024715,36.7476171177202,14.9910727527979,8.03209426943005,33.4959946403627,19.297723688601,21.6825037928497,40.5676712943523,25.702113834715,34.2953072515026
590,12.4680635,17.1346850256701,30.5001903879381,36.9824341073196,15.0178930584536,8.03800519381443,33.9123578896907,19.390742047732,21.6972733026804,40.658870924433,25.9795624894845,34.3418954987629
591,12.4216191310417,17.0946779939583,30.555741164375,37.2282037416667,15.0636741122917,8.04530295020833,34.3686793414583,19.4807431560417,21.7071813475,40.7576712602083,26.2591501483333,34.407181936875
592,12.4070223315544,17.0820051218135,30.6492835789119,37.4857904487565,15.1008551372021,8.03559989290155,34.8196449453886,19.6022094201036,21.7323970304663,40.8120647061658,26.5307082259585,34.4897135170984
593,12.375659620829,17.0492296168912,30.7170739966321,37.6821755436788,15.1593355374093,8.03809087145078,35.2645702127979,19.704991105285,21.7617422020207,40.9184590720207,26.7966878101554,34.5586747179793
594,12.3568348156995,16.9814448841969,30.7837152077202,37.9084853510881,15.2326623646632,8.03015295917098,35.7198899348705,19.8388698525389,21.7886203260622,40.9869498511399,27.0745611415544,34.6420248933679
595,12.3489142575648,16.9461852203109,30.838161695285,38.1408071880829,15.2972384152332,8.02760041455959,36.1518140989119,19.9673477063731,21.7974013694301,41.056046736114,27.3337524776166,34.7404757818135
596,12.3334704276166,16.8839566311399,30.8777089481347,38.370696605544,15.3618047712953,8.03361796067357,36.6035037139378,20.0975619298446,21.8237661940933,41.1726719259067,27.6265914623316,34.8375796025907
597,12.3012194082383,16.836290228342,30.906419315544,38.6194178717617,15.4304721566839,8.0203281688601,37.0590811453886,20.2261655053886,21.8318600666321,41.2576549081347,27.8917442923834,34.9417349634715
598,12.2602096129534,16.7917859848187,30.9405568176684,38.864829206114,15.4772258075648,8.00462658606218,37.4786718325389,20.3281789644041,21.8538363737306,41.3527918604663,28.1331400315544,35.034607755544
599,12.2309472405181,16.7362743012435,31.0080368588601,39.0529450843005,15.5157409003109,8.01027948797928,37.9132444924871,20.4365478549223,21.8996573979793,41.4547896536269,28.3822208735233,35.1035281657513
600,12.1796370557292,16.7000093385417,31.0454559129167,39.2609511663542,15.5576544092708,8.0151826334375,38.2998186482292,20.5603400819792,21.9265036809375,41.5226102385417,28.5869205995833,35.1558486344792
601,12.164574879375,16.666950843125,31.12216186875,39.456019215625,15.59343878125,8.029347401875,38.707230084375,20.666984046875,21.943330609375,41.59397568375,28.817557753125,35.239975830625
602,12.1430009798437,16.62878201875,31.19085399625,39.6594943679688,15.6323268175,8.03900295421875,39.0883057042188,20.7861507207813,21.9501665346875,41.6398454145313,29.0517373446875,35.3063070465625
603,12.1022111315625,16.5742623234375,31.239417376875,39.8757610021875,15.6761150315625,8.0074871278125,39.4732091846875,20.9005448921875,21.9166522515625,41.668764306875,29.2521474175,35.3832044878125
604,12.0813722283333,16.5402612522917,31.308920365625,40.0656217115625,15.700999023125,8.00063360885417,39.8637341879167,20.958582560625,21.9345316823958,41.7207096352083,29.483127504375,35.4662104270833
605,12.0580052567708,16.48900913625,31.352779794375,40.3037184707292,15.7285508410417,7.9978105128125,40.2353247994792,21.0612293159375,21.9415268919792,41.7610129817708,29.6708958953125,35.4845590054167
606,12.040327920625,16.450701485,31.40678943875,40.4817574034375,15.74861761625,7.9941783475,40.5913979909375,21.1340657759375,21.956769755625,41.8145770675,29.86510051625,35.4989385134375
607,12.0438878257292,16.4308572703646,31.4529400209375,40.6690822733854,15.7680900445833,8.02164338078125,40.9284196448437,21.1843011972917,21.9877092636979,41.8979809832812,30.1055919468229,35.5415179086458
608,12.0412163097917,16.38303884375,31.499437080625,40.8620191475,15.7992877070833,8.032953160625,41.2310899708333,21.2535445995833,21.9842059172917,41.960500620625,30.275275403125,35.5417996197917
609,12.0260590942708,16.3389829255208,31.5830000429167,40.9964656638542,15.81699540875,8.04742026,41.5346205322917,21.2985464407292,21.9998632847917,42.0498910886458,30.4780506835417,35.5527345719792
610,12.0081834664398,16.2985729989005,31.6420983049738,41.1618397220419,15.8134233423037,8.05748678979058,41.8861281477487,21.3616181661257,22.005039318534,42.0962025319372,30.6633978955497,35.5813099551832
611,11.9623844792147,16.2463028708901,31.7213317567539,41.3502599107853,15.8251385098953,8.05944863774869,42.2021492970681,21.419301425288,22.0263108570157,42.1656825124607,30.8205348159162,35.5895145574346
612,11.9299434203665,16.1974813898429,31.7920030401571,41.5300849262304,15.834887406911,8.05383376858639,42.554476674712,21.4814044451832,22.0386440422513,42.2093468268063,30.9897805478534,35.6138867712042
613,11.8944578393717,16.1605253189005,31.831113352356,41.7140021997906,15.8232473387435,8.04888801429319,42.8898833432461,21.5719177846073,22.0450426132984,42.2183578575393,31.1914584867016,35.6409212403665
614,11.8587757315707,16.1298215824607,31.9135222184293,41.8854391527225,15.8279732251309,8.06394180376963,43.1948618073822,21.6682894102094,22.0340187514136,42.2599302788482,31.3784970670157,35.6833882793717
615,11.8446804146073,16.0949232946597,31.9690781918325,42.0410972493717,15.8259715895812,8.08947242942408,43.5109978834555,21.7517458875393,22.0326680356544,42.3140407164398,31.5631462899476,35.717087996911
616,11.817062491466,16.0559353590052,32.018955917801,42.1739298441361,15.8116015432461,8.10342127267016,43.7739866582199,21.8213869059162,22.0182565790576,42.3588316250785,31.739534744555,35.7288356168586
617,11.787794633089,16.0010248092147,32.0612421535078,42.2920253274346,15.8279337804188,8.11084688753927,44.0260177703141,21.8561226821466,22.027675379267,42.4153711379581,31.8866141212042,35.764727768377
618,11.7739830632461,15.958476546178,32.1248547184817,42.4418936531937,15.8406390563351,8.12070374769634,44.2620466895288,21.9115904501571,22.0363605989005,42.4673712589005,32.0071602076963,35.7450331320419
619,11.7537301603665,15.9233131782199,32.123220360733,42.5501373843979,15.8281354145026,8.12775365026178,44.4978580459162,21.9620167918325,22.0430408456021,42.4725388305759,32.1386834401571,35.723961482356
620,11.7436445560733,15.9053373941885,32.1596809396859,42.660958444712,15.8409068736126,8.14843453879581,44.743394004555,22.0230470389529,22.0453274186387,42.5145070531414,32.3006692925654,35.7379727964398
621,11.7224281018325,15.8837854405236,32.1896233872251,42.7449938898953,15.8033529519895,8.19135745727749,45.0052128777487,22.0857089421466,22.0628847359686,42.5248576713089,32.4402523864921,35.7470613829843
622,11.6955584289529,15.8395687762827,32.1928666787958,42.8082274874869,15.8027562426702,8.20614828596859,45.1862030113089,22.1112723459686,22.0647816002618,42.5156672113613,32.6052210834555,35.7500194345026
623,11.6509491810995,15.7871038968063,32.2846545558115,42.9041528682199,15.8030495652356,8.21191945335078,45.3867312747644,22.1407995237696,22.1003828129843,42.529140457801,32.7537423206283,35.7610188295811
624,11.6158717721053,15.7391221305263,32.3507698031579,43.0207016863158,15.8026630336842,8.23673061052632,45.5852484426316,22.1934372942105,22.1363950705263,42.5758151094737,32.9149254757895,35.7606796668421
625,11.5816395976316,15.7048495212632,32.4041475231579,43.1426443912632,15.8325967412632,8.25011591231579,45.705567624579,22.2691092006842,22.1418182071579,42.6236100845263,33.0725203508947,35.7418109416316
626,11.5526452417277,15.6738324720419,32.471146683089,43.2743623552356,15.8174028515707,8.27300668832461,45.9578164264398,22.3158936977487,22.16085282089,42.7003886695288,33.2465154989529,35.7723075878534
627,11.5477281978534,15.6361142055497,32.5031753706283,43.3790399577487,15.829244994555,8.299531226911,46.202151188377,22.4049218825131,22.1277084980628,42.7443983782199,33.3713851123037,35.7817304782199
628,11.5181225335789,15.6018295988421,32.502312070421,43.4659871884211,15.8232230958947,8.299227068,46.4117730418947,22.4543781803158,22.1226830423684,42.7544030027368,33.4827416094737,35.8196306911053
629,11.494830675,15.560204618,32.568590953,43.581846393,15.80984594,8.305313276,46.647835201,22.470954287,22.108600735,42.782149326,33.611181135,35.829858394
630,11.4971432067368,15.5413771552632,32.6026129318947,43.7249166874737,15.8027628385263,8.311784216,46.8604699769474,22.5454143517895,22.1380993015789,42.8230962966316,33.7278732977895,35.8220150248421
631,11.4827424353684,15.5104890291579,32.6551891911579,43.8245920091579,15.7415745935789,8.31193213494737,47.0273287882105,22.5770565976842,22.1530213276842,42.8795570229474,33.8845398989474,35.8482848289474
632,11.47416034,15.4519611682105,32.6781169316842,43.9446101537895,15.6742384924211,8.31587569821053,47.262014544,22.6156163405263,22.1416868256842,42.9110818133684,33.9895616096842,35.8757175012632
633,11.4581858884211,15.4062998833684,32.7209262507368,44.0371084777895,15.5944814913684,8.32949874168421,47.4980097731579,22.6750248335789,22.1413200149474,42.9588421431579,34.1088469547368,35.9291858401053
634,11.4331672911111,15.3271529534921,32.7620408220635,44.0900976950794,15.5152367590476,8.3375513784127,47.6972069796825,22.6896632685714,22.1212797155556,42.9532123925397,34.22555994,35.9776281014286
635,11.3936529855556,15.3013614393651,32.8069832955556,44.209922831746,15.4662425163492,8.34976204587302,47.9099743265079,22.7617129044444,22.1190425795238,42.9997681653968,34.342991585873,36.0038173033333
636,11.3688550604211,15.2810636323684,32.8655059586842,44.2907109154211,15.3958581289474,8.36851414257895,48.0949950548421,22.8167536668947,22.1222348315789,43.0243568129474,34.4707443789474,35.9861967356842
637,11.3687828915789,15.2483526561053,32.8933217895263,44.3917556297368,15.3143325461053,8.33928380621053,48.2447277491579,22.8328820396316,22.1268856687895,43.0205735138947,34.5696334987368,35.979433393579
638,11.34277209,15.254503,32.926443045,44.495404045,15.216019555,8.34578137,48.439967335,22.87995915,22.123316485,43.08183283,34.63810801,35.98702438
639,11.3390500344444,15.2353961077778,32.93879847,44.5305098133333,15.1046740833333,8.36046584333333,48.54557204,22.8635468355556,22.1128416655556,43.0718023077778,34.68443006,35.9768095544444
640,11.3167010335979,15.1905683737566,32.9913050949206,44.5887523026455,14.9854055584127,8.36054499121693,48.6540637351852,22.890495305291,22.0801930140212,43.1235815744444,34.787546865873,35.996366080582
641,11.2801697803158,15.185816846,33.0477118688421,44.6149723401053,14.8645790389474,8.40215783421053,48.7892099284211,22.9519674157895,22.074396586,43.1909038317895,34.841790623579,35.9810973513684
642,11.2390703033333,15.1283746366667,33.056507017619,44.6109629528571,14.7280537276191,8.41869733095238,48.8409157714286,22.9598434995238,22.0752170728571,43.2205206457143,34.9173707533333,35.97669201
643,11.2124598514286,15.0751644895238,33.0901142785714,44.6719948133333,14.5828828347619,8.43041155571428,48.9597361704762,22.9979069085714,22.1017156652381,43.2278226071429,35.0267778271429,35.9694740038095
644,11.2213982471429,15.0563874295238,33.1459744638095,44.7190112361905,14.4541722357143,8.47298826809524,49.0652455028571,23.0020953904762,22.1326715119048,43.2310874628571,35.0720650528571,35.9461387104762
645,11.2266123207407,15.0231396640741,33.1788808248148,44.8045761459259,14.3274019481481,8.49510227814815,49.1966099681482,23.0192515196296,22.1457761103704,43.2612918511111,35.177878802963,35.9808765811111
646,11.2174635615344,15.0096741720635,33.2615037489947,44.8964486232275,14.2155698728042,8.52031358582011,49.3298868608466,23.0585823373016,22.1298007213757,43.2992450701587,35.2729883920106,35.9890696484656
647,11.2095054825397,14.9904924101587,33.3410387988889,44.9479759261905,14.1350503134921,8.52946193063493,49.4427265677778,23.0668906069841,22.1398276779365,43.3566334809524,35.3229963780952,35.9979228520635
648,11.1710968780423,14.9948146849735,33.3912374861376,45.0257281637566,14.0759065765608,8.51972877693122,49.5532418078307,23.0946574910582,22.1640577700529,43.4378183998942,35.3964860682011,36.052129946455
649,11.1245882448936,14.9738463297872,33.4591063670213,45.1051542497872,14.0198099057447,8.51436186787234,49.6634303310638,23.1426852087234,22.1554107802128,43.4893716053191,35.4450127353192,36.0464095521277
650,11.1006084469312,14.9378982591534,33.4914313788889,45.1531789650794,13.9858120298413,8.48287767809524,49.7879676681481,23.1610352370899,22.1603799743915,43.5516257175132,35.4829868374603,36.0742819320635
651,11.102181962234,14.9166336781915,33.5003275775,45.2118222182447,13.9343486692553,8.51748271638298,50.0218091499468,23.2373759049468,22.1541147017553,43.6189500360106,35.5431294155851,36.1404935482979
652,11.1016462953439,14.8529143783598,33.5471315183069,45.2814910442857,13.9114954356085,8.54238573285714,50.2554468969841,23.2782958157143,22.1251917724868,43.6633745685185,35.5585931067196,36.1834824246561
653,11.1261352565957,14.8225078180851,33.5807420282979,45.3032119887234,13.8937188402128,8.58554306382979,50.4446771902128,23.3166676761702,22.1271232465957,43.7251830168085,35.5969657144681,36.2652745065957
654,11.1340341487234,14.813305322234,33.6330143002128,45.3558114419149,13.889656277766,8.59283960808511,50.6116594597872,23.4055276562766,22.0939520146809,43.7891102392553,35.6376368238298,36.3262199803191
655,11.0918494948936,14.7728168061702,33.7082058221277,45.43617991,13.8572115270213,8.56477608914894,50.6997720776596,23.462501897234,22.0978971691489,43.8920784570213,35.7036040140425,36.4033590708511
656,11.0815213217553,14.7347309605851,33.7459841741489,45.4538749128192,13.8044204487234,8.53156427920213,50.8141359622872,23.5450943565425,22.0940698118085,43.954668066383,35.7176221873936,36.4479717971808
657,11.0580206611702,14.7017462453191,33.825349863617,45.5646951181915,13.7525625179787,8.49518321446809,51.0036025268085,23.6136454268085,22.0883782974468,44.025575368617,35.7088631654255,36.5099641023404
658,11.0334696356383,14.6524813339362,33.9142026910638,45.6319252120213,13.6773890558511,8.52758163489362,51.2015198780851,23.6638938865957,22.1117735889362,44.0626365551064,35.6958550396809,36.5780491382979
659,11.023984246383,14.6089945560638,34.0042847898936,45.6941726618085,13.5925608825532,8.52737491882979,51.4033882146809,23.6899350805319,22.0261773231915,44.0485309669149,35.5833925193617,36.5990078962766
660,11.0040167863102,14.5931855092513,34.0940441958824,45.7815569559358,13.5023346721925,8.54384302090909,51.6009883996257,23.7008095389305,21.9780928019786,44.0451364069519,35.5564570681818,36.6558653863102
661,10.9787141979787,14.5480970264362,34.1156020313298,45.7630412363298,13.3983069991489,8.54529821388298,51.7784974709043,23.7021420947872,21.9388762487766,44.0493679318085,35.4691024151064,36.6811687223936
662,10.9537875772727,14.5141770527273,34.1586006772727,45.8039453218182,13.28993691,8.54472950727273,51.9019182745454,23.7111728836364,21.8935163945455,44.1386757136364,35.4248956136364,36.7554176681818
663,10.9532054786096,14.502475544385,34.2022545151872,45.8446886314973,13.2250000300535,8.54114221165776,52.0389681671123,23.7398765046524,21.8853826225134,44.2228662559893,35.3916616105348,36.8292818178075
664,10.9195120881818,14.482824274385,34.2263512233155,45.8802575908556,13.1229376416578,8.54993353417112,52.118879341123,23.78794744,21.922361619893,44.3116770194652,35.332093034385,36.881781993262
665,10.9096673519786,14.4667669323529,34.3062882021925,45.9425763403209,13.050692260107,8.56641971759358,52.1914180217647,23.8381488435294,21.9453374073797,44.4288008793048,35.3120183642781,36.9175608747059
666,10.9305377147872,14.4443131825532,34.37571647,45.969321787766,12.9803868207447,8.56536012861702,52.3081721861702,23.8604481637234,21.9811866624468,44.4449507479787,35.2586954230851,36.9349246031915
667,10.9227354857219,14.4106030120321,34.4158671035829,45.9861337439572,12.8993106009091,8.59714082609625,52.3920044027273,23.893583157861,22.0369065616578,44.5266190537968,35.2683311272192,36.9922549707487
668,10.9176741118182,14.3848539663636,34.4564841609091,46.0345444536364,12.8560897627273,8.60855986272727,52.4926442309091,23.9138103590909,22.0094936672727,44.5958311709091,35.2614124018182,37.0502378427273
669,10.9110930326738,14.3480711787166,34.5028277960963,46.099649790107,12.7932956366845,8.62183365213904,52.6072605910695,23.9290654383422,21.9830318278075,44.6568128100535,35.3182491551337,37.1330062597326
670,10.9012441705882,14.35462238,34.5514973841176,46.1377349305882,12.7846601488235,8.66877587470588,52.7410980023529,23.9923590847059,21.9797889570588,44.73103781,35.3123168247059,37.1770084976471
671,10.8860839588235,14.3304262950267,34.6498255249733,46.1954951310695,12.800701163262,8.6797589042246,52.8241835727808,24.0216112442781,21.9904716327273,44.8145482385562,35.3556896296257,37.2153973090909
672,10.8750325431551,14.283823527861,34.7669577558289,46.2070675564171,12.7950794560963,8.68325638010695,52.9077106146524,24.0737946993583,21.9787702393048,44.8832185797326,35.4141742695187,37.245721126738
673,10.8390032472043,14.2354729425806,34.8003503882258,46.1829280282258,12.8102074784946,8.66836205397849,52.9575897753226,24.1397092621505,21.9896778139785,44.9195684056452,35.4264706865054,37.2623061355914
674,10.7935468043548,14.1890441523656,34.8040463707527,46.1725746813978,12.8304874411828,8.63963724026882,53.0228609243011,24.1975924366129,21.9637573700538,44.9833248616129,35.4868648453226,37.275154262043
675,10.7497773650267,14.1528339450802,34.8126265285562,46.1756611394652,12.8659977649198,8.64309987780749,53.1367608605882,24.280784444492,21.9392067602674,45.003882854492,35.499109965508,37.3232046045989
676,10.7419754849462,14.1600597256452,34.8125035758065,46.2346019719355,12.9727914419892,8.66738424080645,53.1799225224194,24.3432592307527,21.9681764830108,45.0751844236021,35.6081302107527,37.3889213087097
677,10.7473961523656,14.1216062683871,34.8527653347312,46.2387067582796,13.1198868423656,8.72256918096774,53.2830383431183,24.4336158872043,21.995735037957,45.1545891224731,35.7064834511828,37.486720782043
678,10.7362057303226,14.0973864112903,34.9431858816129,46.2894250112903,13.2692921464516,8.74464738209678,53.3014943293548,24.5206773743548,22.0435757166129,45.2429500695161,35.8877866374193,37.5552337729032
679,10.7089464891398,14.0894767109677,34.9794890098387,46.2775788216667,13.439002439086,8.76505356827957,53.2908541706452,24.5925971301613,22.0393904505914,45.3390255156452,36.0401020286559,37.6299808058602
680,10.6748651836021,14.0757331267204,35.0688514198925,46.2846822904301,13.6610427336022,8.8142241344086,53.3109729698387,24.7444264812903,22.1064781366667,45.4434143432796,36.2070956467204,37.7019224968817
681,10.6302173874332,14.0960971760428,35.1609472468984,46.3161864772192,13.9168328624599,8.84885281304813,53.3003904660428,24.8544374335294,22.1467198782353,45.4883364098396,36.4073213560428,37.7699581658289
682,10.5701000007487,14.0810218077005,35.2208090120321,46.27025449,14.2324819688235,8.88001848759358,53.2583037686096,25.0036020702139,22.2304070726738,45.5395785758824,36.6283528858824,37.8609541954011
683,10.507148484086,14.0581162123656,35.2754209873118,46.2738392605376,14.6762115008602,8.92635675408602,53.2415544076344,25.1903579916129,22.3513076289247,45.6341138063441,36.9021588932258,37.9867922387097
684,10.422421587957,14.0279527415054,35.3547372313978,46.2656288829032,15.158432237957,8.96627517505376,53.2655911834409,25.3833151155914,22.3817134184946,45.7148193360215,37.1872643522581,38.0722029464516
685,10.3561162477419,14.0181041609677,35.3718734012903,46.2571435016129,15.6920574609677,9.02352987870968,53.2202501393548,25.632884276129,22.4702824932258,45.9052887880645,37.5848146596774,38.1967528416129
686,10.2820745935135,14.0457251137838,35.4563103362162,46.2457823078378,16.31736904,9.10631664432432,53.1933074718919,25.8435256016216,22.5245902010811,46.0220552924324,37.9509752408108,38.3361556897297
687,10.21609077,14.039120414,35.531114926,46.210706488,16.955973378,9.120633864,53.144371068,26.032259774,22.59995366,46.185727728,38.393021848,38.465700078
688,10.1726594793548,14.0288547048387,35.5836774077419,46.1710123587097,17.6464008404838,9.15798831306451,53.1028433732258,26.1946773454839,22.7584756079032,46.3509286114516,38.8373662153226,38.6295181962903
689,10.0650507662903,14.0098427008065,35.7092845301613,46.1621041490323,18.3460553522581,9.18557769080645,53.0726125832258,26.3400142532258,22.8513110848387,46.4179669779032,39.2810348319355,38.80752057
690,9.99878811691892,13.9557779424865,35.7328533125946,46.1648983288649,19.1050263352973,9.23740511589189,53.1160436708649,26.5541062550811,22.9840832728649,46.5607359138378,39.757015124,38.9723707477838
691,9.94158136751351,13.9663560523243,35.8428059167027,46.1904446488649,19.8258369688649,9.34165599724324,53.1595228772973,26.8150176944324,23.0791103554595,46.7278029740541,40.2217318016216,39.155624761027
692,9.86537343940541,13.9819810939459,35.9205693561622,46.2289247717838,20.5277405604865,9.39348184675676,53.1804649097838,27.0107558065405,23.1392523891892,46.8494289271892,40.7028934661622,39.4094948972432
693,9.81386516301075,13.9593206815054,35.9546368362366,46.2423239600538,21.2568901383871,9.42953912774194,53.2344529188172,27.2367978558065,23.208734394086,47.0487468390323,41.1714486072043,39.5988642002151
694,9.75094431021621,13.9499669043243,36.0702693651351,46.2636444812432,21.9110410129189,9.44609377681081,53.2488090347568,27.4085528589189,23.2980162571351,47.1863130271351,41.5904458049189,39.8417218490811
695,9.69112397016216,13.9357397249189,36.0994490846486,46.2195735652973,22.6265986404324,9.48071132578378,53.2632192454054,27.583921564973,23.4334241018919,47.3630820527027,42.0485675336216,40.1026536881081
696,9.59239254962162,13.8854405338919,36.1023964643243,46.1752325696216,23.3137220638919,9.49023524221622,53.2189799943243,27.7754682681622,23.5709604877297,47.5407710836757,42.425564565027,40.2676492806487
697,9.50386289264865,13.8586089477838,36.1283471147027,46.2460603,23.9600662005405,9.53773863864865,53.2220834110811,27.9199437242703,23.7007821216216,47.6951932234595,42.8015632483784,40.4899944148649
698,9.40394360691892,13.8711150633514,36.1820926087027,46.2631389931351,24.611774147027,9.60828561432432,53.2250084079459,28.1073927957297,23.8635830331351,47.9559645561622,43.2158960384324,40.7541139525946
699,9.30120855594595,13.8378936545405,36.2746167794054,46.2877395797297,25.2072316967027,9.65611215248649,53.2377688514595,28.2709452273514,23.9901934012973,48.1093522546486,43.6086734074054,40.9422430834054
700,9.19694467086956,13.8418046221739,36.3575527008696,46.2681294526087,25.7796480139131,9.68843976260869,53.29779846,28.3737641791304,24.1345235921739,48.3218161078261,44.0346012904348,41.1780551282609
